excel_row,source_code,proquest_no_result_reason,description
43,2000-H651-13,2,"Incomplete/not-found record: unpublished is not 1, but the master hearing title is blank."
46,2000-H651-3,2,"Incomplete/not-found record: unpublished is not 1, but the master hearing title is blank."
52,2000-H701-31,2,"Incomplete/not-found record: unpublished is not 1, but the master hearing title is blank."
133,2000-S381-33,2,"Incomplete/not-found record: unpublished is not 1, but the master hearing title is blank."
135,2000-S401-15,2,"Incomplete/not-found record: unpublished is not 1, but the master hearing title is blank."
177,2001-S181-26,2,"Incomplete/not-found record: unpublished is not 1, but the master hearing title is blank."
178,2001-S181-30,2,"Incomplete/not-found record: unpublished is not 1, but the master hearing title is blank."
282,2002-S311-36,2,"Incomplete/not-found record: unpublished is not 1, but the master hearing title is blank."
376,2003-H701-21,2,"Incomplete/not-found record: unpublished is not 1, but the master hearing title is blank."
442,2003-S381-17,2,"Incomplete/not-found record: unpublished is not 1, but the master hearing title is blank."
450,2003-S521-54,2,"Incomplete/not-found record: unpublished is not 1, but the master hearing title is blank."
827,2008-H701-1,2,"Incomplete/not-found record: unpublished is not 1, but the master hearing title is blank."
888,2009-H751-5,2,"Incomplete/not-found record: unpublished is not 1, but the master hearing title is blank."
1238,2012-H751-10,2,"Incomplete/not-found record: unpublished is not 1, but the master hearing title is blank."
1250,2012-H751-63,2,"Incomplete/not-found record: unpublished is not 1, but the master hearing title is blank."
1581,2015-H581-18,2,"Incomplete/not-found record: unpublished is not 1, but the master hearing title is blank."
1720,2016-H601-12,2,"Incomplete/not-found record: unpublished is not 1, but the master hearing title is blank."
1780,2016-S321-73,2,"Incomplete/not-found record: unpublished is not 1, but the master hearing title is blank."
1822,2017-H381-16,4,"Other: no permalink was found, but the record is not unpublished, is not missing a title, and is not Joint Committee on Atomic Energy."
2181,70-S261-33,2,"Incomplete/not-found record: unpublished is not 1, but the master hearing title is blank."
2216,70-S641-13,2,"Incomplete/not-found record: unpublished is not 1, but the master hearing title is blank."
2305,71-S641-1,2,"Incomplete/not-found record: unpublished is not 1, but the master hearing title is blank."
2423,72-S441-56,2,"Incomplete/not-found record: unpublished is not 1, but the master hearing title is blank."
2531,73-S441-11,2,"Incomplete/not-found record: unpublished is not 1, but the master hearing title is blank."
2630,74-H701-10,2,"Incomplete/not-found record: unpublished is not 1, but the master hearing title is blank."
2638,74-H701-5,2,"Incomplete/not-found record: unpublished is not 1, but the master hearing title is blank."
2639,74-H701-8,2,"Incomplete/not-found record: unpublished is not 1, but the master hearing title is blank."
2640,74-H701-9,2,"Incomplete/not-found record: unpublished is not 1, but the master hearing title is blank."
2664,74-S261-24,2,"Incomplete/not-found record: unpublished is not 1, but the master hearing title is blank."
2674,74-S361-14,2,"Incomplete/not-found record: unpublished is not 1, but the master hearing title is blank."
2689,74-S401-37,2,"Incomplete/not-found record: unpublished is not 1, but the master hearing title is blank."
2697,74-S441-25,2,"Incomplete/not-found record: unpublished is not 1, but the master hearing title is blank."
2698,74-S441-26,2,"Incomplete/not-found record: unpublished is not 1, but the master hearing title is blank."
2713,74-S441-55,2,"Incomplete/not-found record: unpublished is not 1, but the master hearing title is blank."
2729,74-S641-14,2,"Incomplete/not-found record: unpublished is not 1, but the master hearing title is blank."
2730,74-S641-15,2,"Incomplete/not-found record: unpublished is not 1, but the master hearing title is blank."
2836,75-S201-21,2,"Incomplete/not-found record: unpublished is not 1, but the master hearing title is blank."
2841,75-S261-51,2,"Incomplete/not-found record: unpublished is not 1, but the master hearing title is blank."
2842,75-S261-56,2,"Incomplete/not-found record: unpublished is not 1, but the master hearing title is blank."
2857,75-S401-17,2,"Incomplete/not-found record: unpublished is not 1, but the master hearing title is blank."
2884,75-S441-77,2,"Incomplete/not-found record: unpublished is not 1, but the master hearing title is blank."
2897,75-S541-72,2,"Incomplete/not-found record: unpublished is not 1, but the master hearing title is blank."
2905,75-S641-44,2,"Incomplete/not-found record: unpublished is not 1, but the master hearing title is blank."
2906,75-S641-45,2,"Incomplete/not-found record: unpublished is not 1, but the master hearing title is blank."
2997,76-H721-2,2,"Incomplete/not-found record: unpublished is not 1, but the master hearing title is blank."
3016,76-S161-5,2,"Incomplete/not-found record: unpublished is not 1, but the master hearing title is blank."
3021,76-S201-37,2,"Incomplete/not-found record: unpublished is not 1, but the master hearing title is blank."
3034,76-S261-24,2,"Incomplete/not-found record: unpublished is not 1, but the master hearing title is blank."
3036,76-S261-35,2,"Incomplete/not-found record: unpublished is not 1, but the master hearing title is blank."
3048,76-S381-32,2,"Incomplete/not-found record: unpublished is not 1, but the master hearing title is blank."
3050,76-S401-18,2,"Incomplete/not-found record: unpublished is not 1, but the master hearing title is blank."
3074,76-S441-58,2,"Incomplete/not-found record: unpublished is not 1, but the master hearing title is blank."
3075,76-S441-60,2,"Incomplete/not-found record: unpublished is not 1, but the master hearing title is blank."
3098,76-S541-84,2,"Incomplete/not-found record: unpublished is not 1, but the master hearing title is blank."
3132,77-H241-9,2,"Incomplete/not-found record: unpublished is not 1, but the master hearing title is blank."
3254,77-S261-19,2,"Incomplete/not-found record: unpublished is not 1, but the master hearing title is blank."
3255,77-S261-25,2,"Incomplete/not-found record: unpublished is not 1, but the master hearing title is blank."
3309,77-S441-33,2,"Incomplete/not-found record: unpublished is not 1, but the master hearing title is blank."
3311,77-S441-37,2,"Incomplete/not-found record: unpublished is not 1, but the master hearing title is blank."
3316,77-S521-22,2,"Incomplete/not-found record: unpublished is not 1, but the master hearing title is blank."
3361,78-H441-30,2,"Incomplete/not-found record: unpublished is not 1, but the master hearing title is blank."
3437,78-S261-15,2,"Incomplete/not-found record: unpublished is not 1, but the master hearing title is blank."
3459,78-S311-48,2,"Incomplete/not-found record: unpublished is not 1, but the master hearing title is blank."
3571,79-H441-27,2,"Incomplete/not-found record: unpublished is not 1, but the master hearing title is blank."
3573,79-H441-8,2,"Incomplete/not-found record: unpublished is not 1, but the master hearing title is blank."
3652,79-Hhlrr-t.1,1,"Unpublished: the master field unpublished = 1, meaning a printed transcript was not produced for ProQuest to index."
3653,79-Hhme-t.13,1,"Unpublished: the master field unpublished = 1, meaning a printed transcript was not produced for ProQuest to index."
3654,79-Hhpul-t.13,1,"Unpublished: the master field unpublished = 1, meaning a printed transcript was not produced for ProQuest to index."
3655,79-Hhpul-t.190,1,"Unpublished: the master field unpublished = 1, meaning a printed transcript was not produced for ProQuest to index."
3656,79-Hhpul-t.24,1,"Unpublished: the master field unpublished = 1, meaning a printed transcript was not produced for ProQuest to index."
3657,79-Hhpul-t.25,1,"Unpublished: the master field unpublished = 1, meaning a printed transcript was not produced for ProQuest to index."
3658,79-Hhpul-t.29,1,"Unpublished: the master field unpublished = 1, meaning a printed transcript was not produced for ProQuest to index."
3659,79-Hhpul-t.30,1,"Unpublished: the master field unpublished = 1, meaning a printed transcript was not produced for ProQuest to index."
3660,79-Hhpul-t.31,1,"Unpublished: the master field unpublished = 1, meaning a printed transcript was not produced for ProQuest to index."
3661,79-Hhpul-t.32,1,"Unpublished: the master field unpublished = 1, meaning a printed transcript was not produced for ProQuest to index."
3682,79-S261-45,2,"Incomplete/not-found record: unpublished is not 1, but the master hearing title is blank."
3771,79-Ssag-t.35,1,"Unpublished: the master field unpublished = 1, meaning a printed transcript was not produced for ProQuest to index."
3772,79-Ssir-t.2,1,"Unpublished: the master field unpublished = 1, meaning a printed transcript was not produced for ProQuest to index."
3773,79-Ssir-t.3,1,"Unpublished: the master field unpublished = 1, meaning a printed transcript was not produced for ProQuest to index."
3774,79-Ssir-t.7,1,"Unpublished: the master field unpublished = 1, meaning a printed transcript was not produced for ProQuest to index."
3822,80-H161-11,2,"Incomplete/not-found record: unpublished is not 1, but the master hearing title is blank."
3824,80-H161-20,2,"Incomplete/not-found record: unpublished is not 1, but the master hearing title is blank."
3839,80-H241-20,2,"Incomplete/not-found record: unpublished is not 1, but the master hearing title is blank."
3854,80-H401-36,2,"Incomplete/not-found record: unpublished is not 1, but the master hearing title is blank."
3877,80-H441-8,2,"Incomplete/not-found record: unpublished is not 1, but the master hearing title is blank."
3879,80-H501-1,2,"Incomplete/not-found record: unpublished is not 1, but the master hearing title is blank."
3886,80-H501-116,2,"Incomplete/not-found record: unpublished is not 1, but the master hearing title is blank."
3898,80-H501-25,2,"Incomplete/not-found record: unpublished is not 1, but the master hearing title is blank."
3911,80-H501-55,2,"Incomplete/not-found record: unpublished is not 1, but the master hearing title is blank."
3943,80-H641-19,2,"Incomplete/not-found record: unpublished is not 1, but the master hearing title is blank."
3957,80-H701-40,2,"Incomplete/not-found record: unpublished is not 1, but the master hearing title is blank."
3986,80-Hhag-t.3,1,"Unpublished: the master field unpublished = 1, meaning a printed transcript was not produced for ProQuest to index."
3987,80-Hhag-t.9,1,"Unpublished: the master field unpublished = 1, meaning a printed transcript was not produced for ProQuest to index."
3988,80-Hhars-t.56,1,"Unpublished: the master field unpublished = 1, meaning a printed transcript was not produced for ProQuest to index."
3989,80-Hhj-t.44,1,"Unpublished: the master field unpublished = 1, meaning a printed transcript was not produced for ProQuest to index."
3990,80-Hhlnt-t.102,1,"Unpublished: the master field unpublished = 1, meaning a printed transcript was not produced for ProQuest to index."
3991,80-Hhlnt-t.103,1,"Unpublished: the master field unpublished = 1, meaning a printed transcript was not produced for ProQuest to index."
3992,80-Hhlnt-t.21,1,"Unpublished: the master field unpublished = 1, meaning a printed transcript was not produced for ProQuest to index."
3993,80-Hhlnt-t.3,1,"Unpublished: the master field unpublished = 1, meaning a printed transcript was not produced for ProQuest to index."
3994,80-Hhlnt-t.72,1,"Unpublished: the master field unpublished = 1, meaning a printed transcript was not produced for ProQuest to index."
3995,80-Hhlnt-t.98,1,"Unpublished: the master field unpublished = 1, meaning a printed transcript was not produced for ProQuest to index."
3996,80-Hhme-t.14,1,"Unpublished: the master field unpublished = 1, meaning a printed transcript was not produced for ProQuest to index."
3997,80-Hhme-t.15,1,"Unpublished: the master field unpublished = 1, meaning a printed transcript was not produced for ProQuest to index."
3998,80-Hhme-t.19,1,"Unpublished: the master field unpublished = 1, meaning a printed transcript was not produced for ProQuest to index."
3999,80-Hhme-t.20,1,"Unpublished: the master field unpublished = 1, meaning a printed transcript was not produced for ProQuest to index."
4000,80-Hhme-t.25,1,"Unpublished: the master field unpublished = 1, meaning a printed transcript was not produced for ProQuest to index."
4001,80-Hhme-t.56,1,"Unpublished: the master field unpublished = 1, meaning a printed transcript was not produced for ProQuest to index."
4002,80-Hhme-t.57,1,"Unpublished: the master field unpublished = 1, meaning a printed transcript was not produced for ProQuest to index."
4003,80-Hhme-t.59,1,"Unpublished: the master field unpublished = 1, meaning a printed transcript was not produced for ProQuest to index."
4004,80-Hhme-t.60,1,"Unpublished: the master field unpublished = 1, meaning a printed transcript was not produced for ProQuest to index."
4005,80-Hhpoc-t.25,1,"Unpublished: the master field unpublished = 1, meaning a printed transcript was not produced for ProQuest to index."
4006,80-Hhpul-t.1,1,"Unpublished: the master field unpublished = 1, meaning a printed transcript was not produced for ProQuest to index."
4007,80-Hhpul-t.134,1,"Unpublished: the master field unpublished = 1, meaning a printed transcript was not produced for ProQuest to index."
4008,80-Hhpul-t.137,1,"Unpublished: the master field unpublished = 1, meaning a printed transcript was not produced for ProQuest to index."
4009,80-Hhpul-t.14,1,"Unpublished: the master field unpublished = 1, meaning a printed transcript was not produced for ProQuest to index."
4010,80-Hhpul-t.15,1,"Unpublished: the master field unpublished = 1, meaning a printed transcript was not produced for ProQuest to index."
4011,80-Hhpul-t.150,1,"Unpublished: the master field unpublished = 1, meaning a printed transcript was not produced for ProQuest to index."
4012,80-Hhpul-t.151,1,"Unpublished: the master field unpublished = 1, meaning a printed transcript was not produced for ProQuest to index."
4013,80-Hhpul-t.160,1,"Unpublished: the master field unpublished = 1, meaning a printed transcript was not produced for ProQuest to index."
4014,80-Hhpul-t.161,1,"Unpublished: the master field unpublished = 1, meaning a printed transcript was not produced for ProQuest to index."
4015,80-Hhpul-t.178,1,"Unpublished: the master field unpublished = 1, meaning a printed transcript was not produced for ProQuest to index."
4016,80-Hhpul-t.181,1,"Unpublished: the master field unpublished = 1, meaning a printed transcript was not produced for ProQuest to index."
4017,80-Hhpul-t.182,1,"Unpublished: the master field unpublished = 1, meaning a printed transcript was not produced for ProQuest to index."
4018,80-Hhpul-t.193,1,"Unpublished: the master field unpublished = 1, meaning a printed transcript was not produced for ProQuest to index."
4019,80-Hhpul-t.202,1,"Unpublished: the master field unpublished = 1, meaning a printed transcript was not produced for ProQuest to index."
4020,80-Hhpul-t.205,1,"Unpublished: the master field unpublished = 1, meaning a printed transcript was not produced for ProQuest to index."
4021,80-Hhpul-t.208,1,"Unpublished: the master field unpublished = 1, meaning a printed transcript was not produced for ProQuest to index."
4022,80-Hhpul-t.209,1,"Unpublished: the master field unpublished = 1, meaning a printed transcript was not produced for ProQuest to index."
4023,80-Hhpul-t.227,1,"Unpublished: the master field unpublished = 1, meaning a printed transcript was not produced for ProQuest to index."
4024,80-Hhpul-t.231,1,"Unpublished: the master field unpublished = 1, meaning a printed transcript was not produced for ProQuest to index."
4025,80-Hhpul-t.232,1,"Unpublished: the master field unpublished = 1, meaning a printed transcript was not produced for ProQuest to index."
4026,80-Hhpul-t.233,1,"Unpublished: the master field unpublished = 1, meaning a printed transcript was not produced for ProQuest to index."
4027,80-Hhpul-t.234,1,"Unpublished: the master field unpublished = 1, meaning a printed transcript was not produced for ProQuest to index."
4028,80-Hhpul-t.245,1,"Unpublished: the master field unpublished = 1, meaning a printed transcript was not produced for ProQuest to index."
4029,80-Hhpul-t.246,1,"Unpublished: the master field unpublished = 1, meaning a printed transcript was not produced for ProQuest to index."
4030,80-Hhpul-t.247,1,"Unpublished: the master field unpublished = 1, meaning a printed transcript was not produced for ProQuest to index."
4031,80-Hhpul-t.255,1,"Unpublished: the master field unpublished = 1, meaning a printed transcript was not produced for ProQuest to index."
4032,80-Hhpul-t.256,1,"Unpublished: the master field unpublished = 1, meaning a printed transcript was not produced for ProQuest to index."
4033,80-Hhpul-t.264,1,"Unpublished: the master field unpublished = 1, meaning a printed transcript was not produced for ProQuest to index."
4034,80-Hhpul-t.274,1,"Unpublished: the master field unpublished = 1, meaning a printed transcript was not produced for ProQuest to index."
4035,80-Hhpul-t.288,1,"Unpublished: the master field unpublished = 1, meaning a printed transcript was not produced for ProQuest to index."
4036,80-Hhpul-t.289,1,"Unpublished: the master field unpublished = 1, meaning a printed transcript was not produced for ProQuest to index."
4037,80-Hhpul-t.29,1,"Unpublished: the master field unpublished = 1, meaning a printed transcript was not produced for ProQuest to index."
4038,80-Hhpul-t.297,1,"Unpublished: the master field unpublished = 1, meaning a printed transcript was not produced for ProQuest to index."
4039,80-Hhpul-t.298,1,"Unpublished: the master field unpublished = 1, meaning a printed transcript was not produced for ProQuest to index."
4040,80-Hhpul-t.309,1,"Unpublished: the master field unpublished = 1, meaning a printed transcript was not produced for ProQuest to index."
4041,80-Hhpul-t.320,1,"Unpublished: the master field unpublished = 1, meaning a printed transcript was not produced for ProQuest to index."
4042,80-Hhpul-t.321,1,"Unpublished: the master field unpublished = 1, meaning a printed transcript was not produced for ProQuest to index."
4043,80-Hhpul-t.334,1,"Unpublished: the master field unpublished = 1, meaning a printed transcript was not produced for ProQuest to index."
4044,80-Hhpul-t.335,1,"Unpublished: the master field unpublished = 1, meaning a printed transcript was not produced for ProQuest to index."
4045,80-Hhpul-t.347,1,"Unpublished: the master field unpublished = 1, meaning a printed transcript was not produced for ProQuest to index."
4046,80-Hhpul-t.348,1,"Unpublished: the master field unpublished = 1, meaning a printed transcript was not produced for ProQuest to index."
4047,80-Hhpul-t.386,1,"Unpublished: the master field unpublished = 1, meaning a printed transcript was not produced for ProQuest to index."
4048,80-Hhpul-t.387,1,"Unpublished: the master field unpublished = 1, meaning a printed transcript was not produced for ProQuest to index."
4049,80-Hhpul-t.40,1,"Unpublished: the master field unpublished = 1, meaning a printed transcript was not produced for ProQuest to index."
4050,80-Hhpul-t.400,1,"Unpublished: the master field unpublished = 1, meaning a printed transcript was not produced for ProQuest to index."
4051,80-Hhpul-t.401,1,"Unpublished: the master field unpublished = 1, meaning a printed transcript was not produced for ProQuest to index."
4052,80-Hhpul-t.407,1,"Unpublished: the master field unpublished = 1, meaning a printed transcript was not produced for ProQuest to index."
4053,80-Hhpul-t.41,1,"Unpublished: the master field unpublished = 1, meaning a printed transcript was not produced for ProQuest to index."
4054,80-Hhpul-t.425,1,"Unpublished: the master field unpublished = 1, meaning a printed transcript was not produced for ProQuest to index."
4055,80-Hhpul-t.433,1,"Unpublished: the master field unpublished = 1, meaning a printed transcript was not produced for ProQuest to index."
4056,80-Hhpul-t.434,1,"Unpublished: the master field unpublished = 1, meaning a printed transcript was not produced for ProQuest to index."
4057,80-Hhpul-t.464,1,"Unpublished: the master field unpublished = 1, meaning a printed transcript was not produced for ProQuest to index."
4058,80-Hhpul-t.470,1,"Unpublished: the master field unpublished = 1, meaning a printed transcript was not produced for ProQuest to index."
4059,80-Hhpul-t.472,1,"Unpublished: the master field unpublished = 1, meaning a printed transcript was not produced for ProQuest to index."
4060,80-Hhpul-t.473,1,"Unpublished: the master field unpublished = 1, meaning a printed transcript was not produced for ProQuest to index."
4061,80-Hhpul-t.477,1,"Unpublished: the master field unpublished = 1, meaning a printed transcript was not produced for ProQuest to index."
4062,80-Hhpul-t.478,1,"Unpublished: the master field unpublished = 1, meaning a printed transcript was not produced for ProQuest to index."
4063,80-Hhpul-t.479,1,"Unpublished: the master field unpublished = 1, meaning a printed transcript was not produced for ProQuest to index."
4064,80-Hhpul-t.480,1,"Unpublished: the master field unpublished = 1, meaning a printed transcript was not produced for ProQuest to index."
4065,80-Hhpul-t.481,1,"Unpublished: the master field unpublished = 1, meaning a printed transcript was not produced for ProQuest to index."
4066,80-Hhpul-t.492,1,"Unpublished: the master field unpublished = 1, meaning a printed transcript was not produced for ProQuest to index."
4067,80-Hhpul-t.504,1,"Unpublished: the master field unpublished = 1, meaning a printed transcript was not produced for ProQuest to index."
4068,80-Hhpul-t.505,1,"Unpublished: the master field unpublished = 1, meaning a printed transcript was not produced for ProQuest to index."
4069,80-Hhpul-t.506,1,"Unpublished: the master field unpublished = 1, meaning a printed transcript was not produced for ProQuest to index."
4070,80-Hhpul-t.512,1,"Unpublished: the master field unpublished = 1, meaning a printed transcript was not produced for ProQuest to index."
4071,80-Hhpul-t.513,1,"Unpublished: the master field unpublished = 1, meaning a printed transcript was not produced for ProQuest to index."
4072,80-Hhpul-t.516,1,"Unpublished: the master field unpublished = 1, meaning a printed transcript was not produced for ProQuest to index."
4073,80-Hhpul-t.517,1,"Unpublished: the master field unpublished = 1, meaning a printed transcript was not produced for ProQuest to index."
4074,80-Hhpul-t.526,1,"Unpublished: the master field unpublished = 1, meaning a printed transcript was not produced for ProQuest to index."
4075,80-Hhpul-t.53,1,"Unpublished: the master field unpublished = 1, meaning a printed transcript was not produced for ProQuest to index."
4076,80-Hhpul-t.531,1,"Unpublished: the master field unpublished = 1, meaning a printed transcript was not produced for ProQuest to index."
4077,80-Hhpul-t.532,1,"Unpublished: the master field unpublished = 1, meaning a printed transcript was not produced for ProQuest to index."
4078,80-Hhpul-t.538,1,"Unpublished: the master field unpublished = 1, meaning a printed transcript was not produced for ProQuest to index."
4079,80-Hhpul-t.54,1,"Unpublished: the master field unpublished = 1, meaning a printed transcript was not produced for ProQuest to index."
4080,80-Hhpul-t.545,1,"Unpublished: the master field unpublished = 1, meaning a printed transcript was not produced for ProQuest to index."
4081,80-Hhpul-t.546,1,"Unpublished: the master field unpublished = 1, meaning a printed transcript was not produced for ProQuest to index."
4082,80-Hhpul-t.55,1,"Unpublished: the master field unpublished = 1, meaning a printed transcript was not produced for ProQuest to index."
4083,80-Hhpul-t.552,1,"Unpublished: the master field unpublished = 1, meaning a printed transcript was not produced for ProQuest to index."
4084,80-Hhpul-t.554,1,"Unpublished: the master field unpublished = 1, meaning a printed transcript was not produced for ProQuest to index."
4085,80-Hhpul-t.555,1,"Unpublished: the master field unpublished = 1, meaning a printed transcript was not produced for ProQuest to index."
4086,80-Hhpul-t.56,1,"Unpublished: the master field unpublished = 1, meaning a printed transcript was not produced for ProQuest to index."
4087,80-Hhpul-t.596,1,"Unpublished: the master field unpublished = 1, meaning a printed transcript was not produced for ProQuest to index."
4088,80-Hhpul-t.609,1,"Unpublished: the master field unpublished = 1, meaning a printed transcript was not produced for ProQuest to index."
4089,80-Hhpul-t.627,1,"Unpublished: the master field unpublished = 1, meaning a printed transcript was not produced for ProQuest to index."
4090,80-Hhpul-t.633,1,"Unpublished: the master field unpublished = 1, meaning a printed transcript was not produced for ProQuest to index."
4091,80-Hhpul-t.635,1,"Unpublished: the master field unpublished = 1, meaning a printed transcript was not produced for ProQuest to index."
4092,80-Hhpul-t.638,1,"Unpublished: the master field unpublished = 1, meaning a printed transcript was not produced for ProQuest to index."
4093,80-Hhpul-t.639,1,"Unpublished: the master field unpublished = 1, meaning a printed transcript was not produced for ProQuest to index."
4094,80-Hhpul-t.640,1,"Unpublished: the master field unpublished = 1, meaning a printed transcript was not produced for ProQuest to index."
4095,80-Hhpul-t.652,1,"Unpublished: the master field unpublished = 1, meaning a printed transcript was not produced for ProQuest to index."
4096,80-Hhpul-t.76,1,"Unpublished: the master field unpublished = 1, meaning a printed transcript was not produced for ProQuest to index."
4097,80-Hhpw-t.3,1,"Unpublished: the master field unpublished = 1, meaning a printed transcript was not produced for ProQuest to index."
4098,80-Hhpw-t.9,1,"Unpublished: the master field unpublished = 1, meaning a printed transcript was not produced for ProQuest to index."
4099,80-Hhru-t.116,1,"Unpublished: the master field unpublished = 1, meaning a printed transcript was not produced for ProQuest to index."
4100,80-Hhru-t.120,1,"Unpublished: the master field unpublished = 1, meaning a printed transcript was not produced for ProQuest to index."
4101,80-Hhru-t.129,1,"Unpublished: the master field unpublished = 1, meaning a printed transcript was not produced for ProQuest to index."
4102,80-Hhru-t.146,1,"Unpublished: the master field unpublished = 1, meaning a printed transcript was not produced for ProQuest to index."
4103,80-Hhru-t.149,1,"Unpublished: the master field unpublished = 1, meaning a printed transcript was not produced for ProQuest to index."
4104,80-Hhru-t.151,1,"Unpublished: the master field unpublished = 1, meaning a printed transcript was not produced for ProQuest to index."
4105,80-Hhru-t.160,1,"Unpublished: the master field unpublished = 1, meaning a printed transcript was not produced for ProQuest to index."
4106,80-Hhru-t.168,1,"Unpublished: the master field unpublished = 1, meaning a printed transcript was not produced for ProQuest to index."
4107,80-Hhru-t.179,1,"Unpublished: the master field unpublished = 1, meaning a printed transcript was not produced for ProQuest to index."
4108,80-Hhru-t.43,1,"Unpublished: the master field unpublished = 1, meaning a printed transcript was not produced for ProQuest to index."
4109,80-Hhru-t.46,1,"Unpublished: the master field unpublished = 1, meaning a printed transcript was not produced for ProQuest to index."
4110,80-Hhru-t.87,1,"Unpublished: the master field unpublished = 1, meaning a printed transcript was not produced for ProQuest to index."
4111,80-J812-1,3,Joint Committee on Atomic Energy: the master metadata identifies a joint committee record with committee1 = 308.
4115,80-J872-1,3,Joint Committee on Atomic Energy: the master metadata identifies a joint committee record with committee1 = 308.
4116,80-Jjato-t.29,1,"Unpublished: the master field unpublished = 1, meaning a printed transcript was not produced for ProQuest to index."
4117,80-Jjato-t.42,1,"Unpublished: the master field unpublished = 1, meaning a printed transcript was not produced for ProQuest to index."
4133,80-S261-55,2,"Incomplete/not-found record: unpublished is not 1, but the master hearing title is blank."
4154,80-S311-31,2,"Incomplete/not-found record: unpublished is not 1, but the master hearing title is blank."
4176,80-S311-58,2,"Incomplete/not-found record: unpublished is not 1, but the master hearing title is blank."
4180,80-S311-61,2,"Incomplete/not-found record: unpublished is not 1, but the master hearing title is blank."
4239,80-S721-34,2,"Incomplete/not-found record: unpublished is not 1, but the master hearing title is blank."
4271,80-Ssb-t.53,1,"Unpublished: the master field unpublished = 1, meaning a printed transcript was not produced for ProQuest to index."
4272,80-Ssb-t.76,1,"Unpublished: the master field unpublished = 1, meaning a printed transcript was not produced for ProQuest to index."
4273,80-Ssinf-t.19,1,"Unpublished: the master field unpublished = 1, meaning a printed transcript was not produced for ProQuest to index."
4274,80-Ssinf-t.29,1,"Unpublished: the master field unpublished = 1, meaning a printed transcript was not produced for ProQuest to index."
4275,80-Ssini-t.14,1,"Unpublished: the master field unpublished = 1, meaning a printed transcript was not produced for ProQuest to index."
4276,80-Ssini-t.15,1,"Unpublished: the master field unpublished = 1, meaning a printed transcript was not produced for ProQuest to index."
4277,80-Ssini-t.17,1,"Unpublished: the master field unpublished = 1, meaning a printed transcript was not produced for ProQuest to index."
4278,80-Ssini-t.18,1,"Unpublished: the master field unpublished = 1, meaning a printed transcript was not produced for ProQuest to index."
4279,80-Ssini-t.24,1,"Unpublished: the master field unpublished = 1, meaning a printed transcript was not produced for ProQuest to index."
4280,80-Ssini-t.25,1,"Unpublished: the master field unpublished = 1, meaning a printed transcript was not produced for ProQuest to index."
4281,80-Ssini-t.26,1,"Unpublished: the master field unpublished = 1, meaning a printed transcript was not produced for ProQuest to index."
4282,80-Ssini-t.28,1,"Unpublished: the master field unpublished = 1, meaning a printed transcript was not produced for ProQuest to index."
4283,80-Ssini-t.3,1,"Unpublished: the master field unpublished = 1, meaning a printed transcript was not produced for ProQuest to index."
4284,80-Ssini-t.31,1,"Unpublished: the master field unpublished = 1, meaning a printed transcript was not produced for ProQuest to index."
4285,80-Ssini-t.34,1,"Unpublished: the master field unpublished = 1, meaning a printed transcript was not produced for ProQuest to index."
4286,80-Ssini-t.37,1,"Unpublished: the master field unpublished = 1, meaning a printed transcript was not produced for ProQuest to index."
4287,80-Ssini-t.39,1,"Unpublished: the master field unpublished = 1, meaning a printed transcript was not produced for ProQuest to index."
4288,80-Ssini-t.5,1,"Unpublished: the master field unpublished = 1, meaning a printed transcript was not produced for ProQuest to index."
4289,80-Ssini-t.6,1,"Unpublished: the master field unpublished = 1, meaning a printed transcript was not produced for ProQuest to index."
4290,80-Ssini-t.7,1,"Unpublished: the master field unpublished = 1, meaning a printed transcript was not produced for ProQuest to index."
4291,80-Ssj-t.154,1,"Unpublished: the master field unpublished = 1, meaning a printed transcript was not produced for ProQuest to index."
4292,80-Sslnf-1,2,"Incomplete/not-found record: unpublished is not 1, but the master hearing title is blank."
4293,80-Sspoc-1,4,"Other: no permalink was found, but the record is not unpublished, is not missing a title, and is not Joint Committee on Atomic Energy."
4294,80-Sspub-t.16,1,"Unpublished: the master field unpublished = 1, meaning a printed transcript was not produced for ProQuest to index."
4295,80-Sspub-t.17,1,"Unpublished: the master field unpublished = 1, meaning a printed transcript was not produced for ProQuest to index."
4296,80-Sspub-t.18,1,"Unpublished: the master field unpublished = 1, meaning a printed transcript was not produced for ProQuest to index."
4297,80-Sspub-t.19,1,"Unpublished: the master field unpublished = 1, meaning a printed transcript was not produced for ProQuest to index."
4298,80-Sspub-t.26,1,"Unpublished: the master field unpublished = 1, meaning a printed transcript was not produced for ProQuest to index."
4299,80-Sspub-t.30,1,"Unpublished: the master field unpublished = 1, meaning a printed transcript was not produced for ProQuest to index."
4300,80-Sspub-t.40,1,"Unpublished: the master field unpublished = 1, meaning a printed transcript was not produced for ProQuest to index."
4301,80-Sspub-t.42,1,"Unpublished: the master field unpublished = 1, meaning a printed transcript was not produced for ProQuest to index."
4330,81-H1295-31,2,"Incomplete/not-found record: unpublished is not 1, but the master hearing title is blank."
4331,81-H1296-18,2,"Incomplete/not-found record: unpublished is not 1, but the master hearing title is blank."
4332,81-H1296-72,2,"Incomplete/not-found record: unpublished is not 1, but the master hearing title is blank."
4344,81-H161-20,2,"Incomplete/not-found record: unpublished is not 1, but the master hearing title is blank."
4367,81-H361-7,2,"Incomplete/not-found record: unpublished is not 1, but the master hearing title is blank."
4376,81-H401-21,2,"Incomplete/not-found record: unpublished is not 1, but the master hearing title is blank."
4392,81-H441-22,2,"Incomplete/not-found record: unpublished is not 1, but the master hearing title is blank."
4402,81-H501-19,2,"Incomplete/not-found record: unpublished is not 1, but the master hearing title is blank."
4404,81-H501-23,2,"Incomplete/not-found record: unpublished is not 1, but the master hearing title is blank."
4473,81-Hhag-t.22,1,"Unpublished: the master field unpublished = 1, meaning a printed transcript was not produced for ProQuest to index."
4474,81-Hhag-t.23,1,"Unpublished: the master field unpublished = 1, meaning a printed transcript was not produced for ProQuest to index."
4475,81-Hhag-t.24,1,"Unpublished: the master field unpublished = 1, meaning a printed transcript was not produced for ProQuest to index."
4476,81-Hhd-t.61,1,"Unpublished: the master field unpublished = 1, meaning a printed transcript was not produced for ProQuest to index."
4477,81-Hhme-t.15,1,"Unpublished: the master field unpublished = 1, meaning a printed transcript was not produced for ProQuest to index."
4478,81-Hhme-t.2,1,"Unpublished: the master field unpublished = 1, meaning a printed transcript was not produced for ProQuest to index."
4479,81-Hhme-t.3,1,"Unpublished: the master field unpublished = 1, meaning a printed transcript was not produced for ProQuest to index."
4480,81-Hhme-t.7,1,"Unpublished: the master field unpublished = 1, meaning a printed transcript was not produced for ProQuest to index."
4481,81-Hhpul-t.104,1,"Unpublished: the master field unpublished = 1, meaning a printed transcript was not produced for ProQuest to index."
4482,81-Hhpul-t.110,1,"Unpublished: the master field unpublished = 1, meaning a printed transcript was not produced for ProQuest to index."
4483,81-Hhpul-t.111,1,"Unpublished: the master field unpublished = 1, meaning a printed transcript was not produced for ProQuest to index."
4484,81-Hhpul-t.116,1,"Unpublished: the master field unpublished = 1, meaning a printed transcript was not produced for ProQuest to index."
4485,81-Hhpul-t.121,1,"Unpublished: the master field unpublished = 1, meaning a printed transcript was not produced for ProQuest to index."
4486,81-Hhpul-t.122,1,"Unpublished: the master field unpublished = 1, meaning a printed transcript was not produced for ProQuest to index."
4487,81-Hhpul-t.123,1,"Unpublished: the master field unpublished = 1, meaning a printed transcript was not produced for ProQuest to index."
4488,81-Hhpul-t.124,1,"Unpublished: the master field unpublished = 1, meaning a printed transcript was not produced for ProQuest to index."
4489,81-Hhpul-t.125,1,"Unpublished: the master field unpublished = 1, meaning a printed transcript was not produced for ProQuest to index."
4490,81-Hhpul-t.133,1,"Unpublished: the master field unpublished = 1, meaning a printed transcript was not produced for ProQuest to index."
4491,81-Hhpul-t.146,1,"Unpublished: the master field unpublished = 1, meaning a printed transcript was not produced for ProQuest to index."
4492,81-Hhpul-t.149,1,"Unpublished: the master field unpublished = 1, meaning a printed transcript was not produced for ProQuest to index."
4493,81-Hhpul-t.152,1,"Unpublished: the master field unpublished = 1, meaning a printed transcript was not produced for ProQuest to index."
4494,81-Hhpul-t.157,1,"Unpublished: the master field unpublished = 1, meaning a printed transcript was not produced for ProQuest to index."
4495,81-Hhpul-t.160,1,"Unpublished: the master field unpublished = 1, meaning a printed transcript was not produced for ProQuest to index."
4496,81-Hhpul-t.161,1,"Unpublished: the master field unpublished = 1, meaning a printed transcript was not produced for ProQuest to index."
4497,81-Hhpul-t.162,1,"Unpublished: the master field unpublished = 1, meaning a printed transcript was not produced for ProQuest to index."
4498,81-Hhpul-t.165,1,"Unpublished: the master field unpublished = 1, meaning a printed transcript was not produced for ProQuest to index."
4499,81-Hhpul-t.167,1,"Unpublished: the master field unpublished = 1, meaning a printed transcript was not produced for ProQuest to index."
4500,81-Hhpul-t.168,1,"Unpublished: the master field unpublished = 1, meaning a printed transcript was not produced for ProQuest to index."
4501,81-Hhpul-t.169,1,"Unpublished: the master field unpublished = 1, meaning a printed transcript was not produced for ProQuest to index."
4502,81-Hhpul-t.181,1,"Unpublished: the master field unpublished = 1, meaning a printed transcript was not produced for ProQuest to index."
4503,81-Hhpul-t.201,1,"Unpublished: the master field unpublished = 1, meaning a printed transcript was not produced for ProQuest to index."
4504,81-Hhpul-t.209,1,"Unpublished: the master field unpublished = 1, meaning a printed transcript was not produced for ProQuest to index."
4505,81-Hhpul-t.214,1,"Unpublished: the master field unpublished = 1, meaning a printed transcript was not produced for ProQuest to index."
4506,81-Hhpul-t.215,1,"Unpublished: the master field unpublished = 1, meaning a printed transcript was not produced for ProQuest to index."
4507,81-Hhpul-t.219,1,"Unpublished: the master field unpublished = 1, meaning a printed transcript was not produced for ProQuest to index."
4508,81-Hhpul-t.236,1,"Unpublished: the master field unpublished = 1, meaning a printed transcript was not produced for ProQuest to index."
4509,81-Hhpul-t.239,1,"Unpublished: the master field unpublished = 1, meaning a printed transcript was not produced for ProQuest to index."
4510,81-Hhpul-t.24,1,"Unpublished: the master field unpublished = 1, meaning a printed transcript was not produced for ProQuest to index."
4511,81-Hhpul-t.249,1,"Unpublished: the master field unpublished = 1, meaning a printed transcript was not produced for ProQuest to index."
4512,81-Hhpul-t.25,1,"Unpublished: the master field unpublished = 1, meaning a printed transcript was not produced for ProQuest to index."
4513,81-Hhpul-t.250,1,"Unpublished: the master field unpublished = 1, meaning a printed transcript was not produced for ProQuest to index."
4514,81-Hhpul-t.252,1,"Unpublished: the master field unpublished = 1, meaning a printed transcript was not produced for ProQuest to index."
4515,81-Hhpul-t.253,1,"Unpublished: the master field unpublished = 1, meaning a printed transcript was not produced for ProQuest to index."
4516,81-Hhpul-t.262,1,"Unpublished: the master field unpublished = 1, meaning a printed transcript was not produced for ProQuest to index."
4517,81-Hhpul-t.301,1,"Unpublished: the master field unpublished = 1, meaning a printed transcript was not produced for ProQuest to index."
4518,81-Hhpul-t.311,1,"Unpublished: the master field unpublished = 1, meaning a printed transcript was not produced for ProQuest to index."
4519,81-Hhpul-t.32,1,"Unpublished: the master field unpublished = 1, meaning a printed transcript was not produced for ProQuest to index."
4520,81-Hhpul-t.324,1,"Unpublished: the master field unpublished = 1, meaning a printed transcript was not produced for ProQuest to index."
4521,81-Hhpul-t.33,1,"Unpublished: the master field unpublished = 1, meaning a printed transcript was not produced for ProQuest to index."
4522,81-Hhpul-t.356,1,"Unpublished: the master field unpublished = 1, meaning a printed transcript was not produced for ProQuest to index."
4523,81-Hhpul-t.365,1,"Unpublished: the master field unpublished = 1, meaning a printed transcript was not produced for ProQuest to index."
4524,81-Hhpul-t.366,1,"Unpublished: the master field unpublished = 1, meaning a printed transcript was not produced for ProQuest to index."
4525,81-Hhpul-t.367,1,"Unpublished: the master field unpublished = 1, meaning a printed transcript was not produced for ProQuest to index."
4526,81-Hhpul-t.368,1,"Unpublished: the master field unpublished = 1, meaning a printed transcript was not produced for ProQuest to index."
4527,81-Hhpul-t.369,1,"Unpublished: the master field unpublished = 1, meaning a printed transcript was not produced for ProQuest to index."
4528,81-Hhpul-t.378,1,"Unpublished: the master field unpublished = 1, meaning a printed transcript was not produced for ProQuest to index."
4529,81-Hhpul-t.379,1,"Unpublished: the master field unpublished = 1, meaning a printed transcript was not produced for ProQuest to index."
4530,81-Hhpul-t.381,1,"Unpublished: the master field unpublished = 1, meaning a printed transcript was not produced for ProQuest to index."
4531,81-Hhpul-t.382,1,"Unpublished: the master field unpublished = 1, meaning a printed transcript was not produced for ProQuest to index."
4532,81-Hhpul-t.388,1,"Unpublished: the master field unpublished = 1, meaning a printed transcript was not produced for ProQuest to index."
4533,81-Hhpul-t.395,1,"Unpublished: the master field unpublished = 1, meaning a printed transcript was not produced for ProQuest to index."
4534,81-Hhpul-t.396,1,"Unpublished: the master field unpublished = 1, meaning a printed transcript was not produced for ProQuest to index."
4535,81-Hhpul-t.398,1,"Unpublished: the master field unpublished = 1, meaning a printed transcript was not produced for ProQuest to index."
4536,81-Hhpul-t.417,1,"Unpublished: the master field unpublished = 1, meaning a printed transcript was not produced for ProQuest to index."
4537,81-Hhpul-t.419,1,"Unpublished: the master field unpublished = 1, meaning a printed transcript was not produced for ProQuest to index."
4538,81-Hhpul-t.42,1,"Unpublished: the master field unpublished = 1, meaning a printed transcript was not produced for ProQuest to index."
4539,81-Hhpul-t.45,1,"Unpublished: the master field unpublished = 1, meaning a printed transcript was not produced for ProQuest to index."
4540,81-Hhpul-t.451,1,"Unpublished: the master field unpublished = 1, meaning a printed transcript was not produced for ProQuest to index."
4541,81-Hhpul-t.452,1,"Unpublished: the master field unpublished = 1, meaning a printed transcript was not produced for ProQuest to index."
4542,81-Hhpul-t.459,1,"Unpublished: the master field unpublished = 1, meaning a printed transcript was not produced for ProQuest to index."
4543,81-Hhpul-t.471,1,"Unpublished: the master field unpublished = 1, meaning a printed transcript was not produced for ProQuest to index."
4544,81-Hhpul-t.472,1,"Unpublished: the master field unpublished = 1, meaning a printed transcript was not produced for ProQuest to index."
4545,81-Hhpul-t.473,1,"Unpublished: the master field unpublished = 1, meaning a printed transcript was not produced for ProQuest to index."
4546,81-Hhpul-t.474,1,"Unpublished: the master field unpublished = 1, meaning a printed transcript was not produced for ProQuest to index."
4547,81-Hhpul-t.477,1,"Unpublished: the master field unpublished = 1, meaning a printed transcript was not produced for ProQuest to index."
4548,81-Hhpul-t.492,1,"Unpublished: the master field unpublished = 1, meaning a printed transcript was not produced for ProQuest to index."
4549,81-Hhpul-t.510,1,"Unpublished: the master field unpublished = 1, meaning a printed transcript was not produced for ProQuest to index."
4550,81-Hhpul-t.515,1,"Unpublished: the master field unpublished = 1, meaning a printed transcript was not produced for ProQuest to index."
4551,81-Hhpul-t.526,1,"Unpublished: the master field unpublished = 1, meaning a printed transcript was not produced for ProQuest to index."
4552,81-Hhpul-t.527,1,"Unpublished: the master field unpublished = 1, meaning a printed transcript was not produced for ProQuest to index."
4553,81-Hhpul-t.528,1,"Unpublished: the master field unpublished = 1, meaning a printed transcript was not produced for ProQuest to index."
4554,81-Hhpul-t.529,1,"Unpublished: the master field unpublished = 1, meaning a printed transcript was not produced for ProQuest to index."
4555,81-Hhpul-t.53,1,"Unpublished: the master field unpublished = 1, meaning a printed transcript was not produced for ProQuest to index."
4556,81-Hhpul-t.540,1,"Unpublished: the master field unpublished = 1, meaning a printed transcript was not produced for ProQuest to index."
4557,81-Hhpul-t.541,1,"Unpublished: the master field unpublished = 1, meaning a printed transcript was not produced for ProQuest to index."
4558,81-Hhpul-t.548,1,"Unpublished: the master field unpublished = 1, meaning a printed transcript was not produced for ProQuest to index."
4559,81-Hhpul-t.551,1,"Unpublished: the master field unpublished = 1, meaning a printed transcript was not produced for ProQuest to index."
4560,81-Hhpul-t.552,1,"Unpublished: the master field unpublished = 1, meaning a printed transcript was not produced for ProQuest to index."
4561,81-Hhpul-t.566,1,"Unpublished: the master field unpublished = 1, meaning a printed transcript was not produced for ProQuest to index."
4562,81-Hhpul-t.569,1,"Unpublished: the master field unpublished = 1, meaning a printed transcript was not produced for ProQuest to index."
4563,81-Hhpul-t.572,1,"Unpublished: the master field unpublished = 1, meaning a printed transcript was not produced for ProQuest to index."
4564,81-Hhpul-t.590,1,"Unpublished: the master field unpublished = 1, meaning a printed transcript was not produced for ProQuest to index."
4565,81-Hhpul-t.595,1,"Unpublished: the master field unpublished = 1, meaning a printed transcript was not produced for ProQuest to index."
4566,81-Hhpul-t.597,1,"Unpublished: the master field unpublished = 1, meaning a printed transcript was not produced for ProQuest to index."
4567,81-Hhpul-t.614,1,"Unpublished: the master field unpublished = 1, meaning a printed transcript was not produced for ProQuest to index."
4568,81-Hhpul-t.618,1,"Unpublished: the master field unpublished = 1, meaning a printed transcript was not produced for ProQuest to index."
4569,81-Hhpul-t.619,1,"Unpublished: the master field unpublished = 1, meaning a printed transcript was not produced for ProQuest to index."
4570,81-Hhpul-t.631,1,"Unpublished: the master field unpublished = 1, meaning a printed transcript was not produced for ProQuest to index."
4571,81-Hhpul-t.635,1,"Unpublished: the master field unpublished = 1, meaning a printed transcript was not produced for ProQuest to index."
4572,81-Hhpul-t.638,1,"Unpublished: the master field unpublished = 1, meaning a printed transcript was not produced for ProQuest to index."
4573,81-Hhpul-t.642,1,"Unpublished: the master field unpublished = 1, meaning a printed transcript was not produced for ProQuest to index."
4574,81-Hhpul-t.76,1,"Unpublished: the master field unpublished = 1, meaning a printed transcript was not produced for ProQuest to index."
4575,81-Hhpul-t.77,1,"Unpublished: the master field unpublished = 1, meaning a printed transcript was not produced for ProQuest to index."
4576,81-Hhpul-t.89,1,"Unpublished: the master field unpublished = 1, meaning a printed transcript was not produced for ProQuest to index."
4577,81-Hhpul-t.99,1,"Unpublished: the master field unpublished = 1, meaning a printed transcript was not produced for ProQuest to index."
4578,81-Hhpw-t.8,1,"Unpublished: the master field unpublished = 1, meaning a printed transcript was not produced for ProQuest to index."
4579,81-J893-6,3,Joint Committee on Atomic Energy: the master metadata identifies a joint committee record with committee1 = 308.
4580,81-J894-4,3,Joint Committee on Atomic Energy: the master metadata identifies a joint committee record with committee1 = 308.
4581,81-J917-0a,3,Joint Committee on Atomic Energy: the master metadata identifies a joint committee record with committee1 = 308.
4582,81-J917-0b,3,Joint Committee on Atomic Energy: the master metadata identifies a joint committee record with committee1 = 308.
4583,81-J917-0c,3,Joint Committee on Atomic Energy: the master metadata identifies a joint committee record with committee1 = 308.
4584,81-J917-0d,3,Joint Committee on Atomic Energy: the master metadata identifies a joint committee record with committee1 = 308.
4585,81-J917-0e,3,Joint Committee on Atomic Energy: the master metadata identifies a joint committee record with committee1 = 308.
4586,81-J917-0f,3,Joint Committee on Atomic Energy: the master metadata identifies a joint committee record with committee1 = 308.
4587,81-J917-0g,3,Joint Committee on Atomic Energy: the master metadata identifies a joint committee record with committee1 = 308.
4588,81-J917-0h,3,Joint Committee on Atomic Energy: the master metadata identifies a joint committee record with committee1 = 308.
4589,81-J917-0i,3,Joint Committee on Atomic Energy: the master metadata identifies a joint committee record with committee1 = 308.
4590,81-J917-0j,3,Joint Committee on Atomic Energy: the master metadata identifies a joint committee record with committee1 = 308.
4591,81-J917-0k,3,Joint Committee on Atomic Energy: the master metadata identifies a joint committee record with committee1 = 308.
4592,81-J917-0l,3,Joint Committee on Atomic Energy: the master metadata identifies a joint committee record with committee1 = 308.
4593,81-J917-0m,3,Joint Committee on Atomic Energy: the master metadata identifies a joint committee record with committee1 = 308.
4594,81-J917-0n,3,Joint Committee on Atomic Energy: the master metadata identifies a joint committee record with committee1 = 308.
4595,81-J917-0o,3,Joint Committee on Atomic Energy: the master metadata identifies a joint committee record with committee1 = 308.
4596,81-J917-0p,3,Joint Committee on Atomic Energy: the master metadata identifies a joint committee record with committee1 = 308.
4597,81-J917-0q,3,Joint Committee on Atomic Energy: the master metadata identifies a joint committee record with committee1 = 308.
4598,81-J917-0r,3,Joint Committee on Atomic Energy: the master metadata identifies a joint committee record with committee1 = 308.
4599,81-J917-0s,3,Joint Committee on Atomic Energy: the master metadata identifies a joint committee record with committee1 = 308.
4600,81-J917-0t,3,Joint Committee on Atomic Energy: the master metadata identifies a joint committee record with committee1 = 308.
4601,81-J917-0u,3,Joint Committee on Atomic Energy: the master metadata identifies a joint committee record with committee1 = 308.
4602,81-J917-0v,3,Joint Committee on Atomic Energy: the master metadata identifies a joint committee record with committee1 = 308.
4603,81-J921-1,3,Joint Committee on Atomic Energy: the master metadata identifies a joint committee record with committee1 = 308.
4604,81-J921-3,3,Joint Committee on Atomic Energy: the master metadata identifies a joint committee record with committee1 = 308.
4605,81-J921-7,3,Joint Committee on Atomic Energy: the master metadata identifies a joint committee record with committee1 = 308.
4606,81-J921-9,3,Joint Committee on Atomic Energy: the master metadata identifies a joint committee record with committee1 = 308.
4607,81-Jjato-t.1,1,"Unpublished: the master field unpublished = 1, meaning a printed transcript was not produced for ProQuest to index."
4608,81-Jjato-t.100,1,"Unpublished: the master field unpublished = 1, meaning a printed transcript was not produced for ProQuest to index."
4609,81-Jjato-t.101,1,"Unpublished: the master field unpublished = 1, meaning a printed transcript was not produced for ProQuest to index."
4610,81-Jjato-t.112,1,"Unpublished: the master field unpublished = 1, meaning a printed transcript was not produced for ProQuest to index."
4611,81-Jjato-t.117,1,"Unpublished: the master field unpublished = 1, meaning a printed transcript was not produced for ProQuest to index."
4612,81-Jjato-t.2,1,"Unpublished: the master field unpublished = 1, meaning a printed transcript was not produced for ProQuest to index."
4613,81-Jjato-t.23,1,"Unpublished: the master field unpublished = 1, meaning a printed transcript was not produced for ProQuest to index."
4614,81-Jjato-t.29,1,"Unpublished: the master field unpublished = 1, meaning a printed transcript was not produced for ProQuest to index."
4615,81-Jjato-t.32,1,"Unpublished: the master field unpublished = 1, meaning a printed transcript was not produced for ProQuest to index."
4616,81-Jjato-t.33,1,"Unpublished: the master field unpublished = 1, meaning a printed transcript was not produced for ProQuest to index."
4617,81-Jjato-t.38,1,"Unpublished: the master field unpublished = 1, meaning a printed transcript was not produced for ProQuest to index."
4618,81-Jjato-t.47,1,"Unpublished: the master field unpublished = 1, meaning a printed transcript was not produced for ProQuest to index."
4619,81-Jjato-t.51,1,"Unpublished: the master field unpublished = 1, meaning a printed transcript was not produced for ProQuest to index."
4620,81-Jjato-t.55,1,"Unpublished: the master field unpublished = 1, meaning a printed transcript was not produced for ProQuest to index."
4621,81-Jjato-t.62,1,"Unpublished: the master field unpublished = 1, meaning a printed transcript was not produced for ProQuest to index."
4622,81-Jjato-t.63,1,"Unpublished: the master field unpublished = 1, meaning a printed transcript was not produced for ProQuest to index."
4623,81-Jjato-t.64,1,"Unpublished: the master field unpublished = 1, meaning a printed transcript was not produced for ProQuest to index."
4624,81-Jjato-t.66,1,"Unpublished: the master field unpublished = 1, meaning a printed transcript was not produced for ProQuest to index."
4625,81-Jjato-t.67,1,"Unpublished: the master field unpublished = 1, meaning a printed transcript was not produced for ProQuest to index."
4626,81-Jjato-t.70,1,"Unpublished: the master field unpublished = 1, meaning a printed transcript was not produced for ProQuest to index."
4627,81-Jjato-t.71,1,"Unpublished: the master field unpublished = 1, meaning a printed transcript was not produced for ProQuest to index."
4628,81-Jjato-t.73,1,"Unpublished: the master field unpublished = 1, meaning a printed transcript was not produced for ProQuest to index."
4629,81-Jjato-t.74,1,"Unpublished: the master field unpublished = 1, meaning a printed transcript was not produced for ProQuest to index."
4630,81-Jjato-t.75,1,"Unpublished: the master field unpublished = 1, meaning a printed transcript was not produced for ProQuest to index."
4631,81-Jjato-t.8,1,"Unpublished: the master field unpublished = 1, meaning a printed transcript was not produced for ProQuest to index."
4632,81-Jjato-t.83,1,"Unpublished: the master field unpublished = 1, meaning a printed transcript was not produced for ProQuest to index."
4633,81-Jjato-t.84,1,"Unpublished: the master field unpublished = 1, meaning a printed transcript was not produced for ProQuest to index."
4634,81-Jjato-t.85,1,"Unpublished: the master field unpublished = 1, meaning a printed transcript was not produced for ProQuest to index."
4635,81-Jjato-t.86,1,"Unpublished: the master field unpublished = 1, meaning a printed transcript was not produced for ProQuest to index."
4636,81-Jjato-t.90,1,"Unpublished: the master field unpublished = 1, meaning a printed transcript was not produced for ProQuest to index."
4637,81-Jjato-t.91,1,"Unpublished: the master field unpublished = 1, meaning a printed transcript was not produced for ProQuest to index."
4638,81-Jjato-t.97,1,"Unpublished: the master field unpublished = 1, meaning a printed transcript was not produced for ProQuest to index."
4703,81-S321-8,2,"Incomplete/not-found record: unpublished is not 1, but the master hearing title is blank."
4715,81-S401-9,2,"Incomplete/not-found record: unpublished is not 1, but the master hearing title is blank."
4716,81-S521-10,2,"Incomplete/not-found record: unpublished is not 1, but the master hearing title is blank."
4718,81-S521-3,2,"Incomplete/not-found record: unpublished is not 1, but the master hearing title is blank."
4755,81-Ssag-t.2,1,"Unpublished: the master field unpublished = 1, meaning a printed transcript was not produced for ProQuest to index."
4756,81-Ssag-t.7,1,"Unpublished: the master field unpublished = 1, meaning a printed transcript was not produced for ProQuest to index."
4757,81-Ssb-t.4,1,"Unpublished: the master field unpublished = 1, meaning a printed transcript was not produced for ProQuest to index."
4758,81-Ssfo-t.31,1,"Unpublished: the master field unpublished = 1, meaning a printed transcript was not produced for ProQuest to index."
4759,81-Ssfo-t.77,1,"Unpublished: the master field unpublished = 1, meaning a printed transcript was not produced for ProQuest to index."
4760,81-Ssini-t.1,1,"Unpublished: the master field unpublished = 1, meaning a printed transcript was not produced for ProQuest to index."
4761,81-Ssini-t.16,1,"Unpublished: the master field unpublished = 1, meaning a printed transcript was not produced for ProQuest to index."
4762,81-Ssini-t.21,1,"Unpublished: the master field unpublished = 1, meaning a printed transcript was not produced for ProQuest to index."
4763,81-Ssini-t.23,1,"Unpublished: the master field unpublished = 1, meaning a printed transcript was not produced for ProQuest to index."
4764,81-Ssini-t.24,1,"Unpublished: the master field unpublished = 1, meaning a printed transcript was not produced for ProQuest to index."
4765,81-Ssini-t.25,1,"Unpublished: the master field unpublished = 1, meaning a printed transcript was not produced for ProQuest to index."
4766,81-Ssini-t.28,1,"Unpublished: the master field unpublished = 1, meaning a printed transcript was not produced for ProQuest to index."
4767,81-Ssini-t.29,1,"Unpublished: the master field unpublished = 1, meaning a printed transcript was not produced for ProQuest to index."
4768,81-Ssini-t.3,1,"Unpublished: the master field unpublished = 1, meaning a printed transcript was not produced for ProQuest to index."
4769,81-Ssini-t.30,1,"Unpublished: the master field unpublished = 1, meaning a printed transcript was not produced for ProQuest to index."
4770,81-Ssini-t.32,1,"Unpublished: the master field unpublished = 1, meaning a printed transcript was not produced for ProQuest to index."
4771,81-Ssini-t.34,1,"Unpublished: the master field unpublished = 1, meaning a printed transcript was not produced for ProQuest to index."
4772,81-Ssini-t.38,1,"Unpublished: the master field unpublished = 1, meaning a printed transcript was not produced for ProQuest to index."
4773,81-Ssini-t.40,1,"Unpublished: the master field unpublished = 1, meaning a printed transcript was not produced for ProQuest to index."
4774,81-Ssini-t.45,1,"Unpublished: the master field unpublished = 1, meaning a printed transcript was not produced for ProQuest to index."
4775,81-Ssini-t.48,1,"Unpublished: the master field unpublished = 1, meaning a printed transcript was not produced for ProQuest to index."
4776,81-Ssini-t.49,1,"Unpublished: the master field unpublished = 1, meaning a printed transcript was not produced for ProQuest to index."
4777,81-Ssini-t.51,1,"Unpublished: the master field unpublished = 1, meaning a printed transcript was not produced for ProQuest to index."
4778,81-Ssini-t.56,1,"Unpublished: the master field unpublished = 1, meaning a printed transcript was not produced for ProQuest to index."
4779,81-Ssini-t.58,1,"Unpublished: the master field unpublished = 1, meaning a printed transcript was not produced for ProQuest to index."
4780,81-Ssini-t.59,1,"Unpublished: the master field unpublished = 1, meaning a printed transcript was not produced for ProQuest to index."
4781,81-Ssini-t.60,1,"Unpublished: the master field unpublished = 1, meaning a printed transcript was not produced for ProQuest to index."
4782,81-Ssini-t.62,1,"Unpublished: the master field unpublished = 1, meaning a printed transcript was not produced for ProQuest to index."
4783,81-Ssini-t.63,1,"Unpublished: the master field unpublished = 1, meaning a printed transcript was not produced for ProQuest to index."
4784,81-Ssini-t.65,1,"Unpublished: the master field unpublished = 1, meaning a printed transcript was not produced for ProQuest to index."
4785,81-Ssini-t.68,1,"Unpublished: the master field unpublished = 1, meaning a printed transcript was not produced for ProQuest to index."
4786,81-Ssini-t.69,1,"Unpublished: the master field unpublished = 1, meaning a printed transcript was not produced for ProQuest to index."
4787,81-Ssini-t.71,1,"Unpublished: the master field unpublished = 1, meaning a printed transcript was not produced for ProQuest to index."
4788,81-Ssini-t.73,1,"Unpublished: the master field unpublished = 1, meaning a printed transcript was not produced for ProQuest to index."
4789,81-Ssini-t.75,1,"Unpublished: the master field unpublished = 1, meaning a printed transcript was not produced for ProQuest to index."
4790,81-Ssini-t.78,1,"Unpublished: the master field unpublished = 1, meaning a printed transcript was not produced for ProQuest to index."
4791,81-Ssini-t.82,1,"Unpublished: the master field unpublished = 1, meaning a printed transcript was not produced for ProQuest to index."
4792,81-Ssini-t.86,1,"Unpublished: the master field unpublished = 1, meaning a printed transcript was not produced for ProQuest to index."
4831,82-H161-30,2,"Incomplete/not-found record: unpublished is not 1, but the master hearing title is blank."
4880,82-H361-52,2,"Incomplete/not-found record: unpublished is not 1, but the master hearing title is blank."
4895,82-H361-7,2,"Incomplete/not-found record: unpublished is not 1, but the master hearing title is blank."
4930,82-H441-17,2,"Incomplete/not-found record: unpublished is not 1, but the master hearing title is blank."
4932,82-H441-24,2,"Incomplete/not-found record: unpublished is not 1, but the master hearing title is blank."
4933,82-H441-25,2,"Incomplete/not-found record: unpublished is not 1, but the master hearing title is blank."
4936,82-H441-28,2,"Incomplete/not-found record: unpublished is not 1, but the master hearing title is blank."
4977,82-H721-20,2,"Incomplete/not-found record: unpublished is not 1, but the master hearing title is blank."
4981,82-Hhag-t.17,1,"Unpublished: the master field unpublished = 1, meaning a printed transcript was not produced for ProQuest to index."
4982,82-Hhag-t.19,1,"Unpublished: the master field unpublished = 1, meaning a printed transcript was not produced for ProQuest to index."
4983,82-Hhag-t.20,1,"Unpublished: the master field unpublished = 1, meaning a printed transcript was not produced for ProQuest to index."
4984,82-Hhag-t.24,1,"Unpublished: the master field unpublished = 1, meaning a printed transcript was not produced for ProQuest to index."
4985,82-Hhag-t.25,1,"Unpublished: the master field unpublished = 1, meaning a printed transcript was not produced for ProQuest to index."
4986,82-Hhag-t.34,1,"Unpublished: the master field unpublished = 1, meaning a printed transcript was not produced for ProQuest to index."
4987,82-Hhag-t.40,1,"Unpublished: the master field unpublished = 1, meaning a printed transcript was not produced for ProQuest to index."
4988,82-Hhag-t.5,1,"Unpublished: the master field unpublished = 1, meaning a printed transcript was not produced for ProQuest to index."
4989,82-Hhag-t.6,1,"Unpublished: the master field unpublished = 1, meaning a printed transcript was not produced for ProQuest to index."
4990,82-Hhag-t.9,1,"Unpublished: the master field unpublished = 1, meaning a printed transcript was not produced for ProQuest to index."
4991,82-Hhd-t.35,1,"Unpublished: the master field unpublished = 1, meaning a printed transcript was not produced for ProQuest to index."
4992,82-Hhj-t.46,1,"Unpublished: the master field unpublished = 1, meaning a printed transcript was not produced for ProQuest to index."
4993,82-Hhlni-t.104,1,"Unpublished: the master field unpublished = 1, meaning a printed transcript was not produced for ProQuest to index."
4994,82-Hhlni-t.127,1,"Unpublished: the master field unpublished = 1, meaning a printed transcript was not produced for ProQuest to index."
4995,82-Hhlni-t.128,1,"Unpublished: the master field unpublished = 1, meaning a printed transcript was not produced for ProQuest to index."
4996,82-Hhlni-t.129,1,"Unpublished: the master field unpublished = 1, meaning a printed transcript was not produced for ProQuest to index."
4997,82-Hhlni-t.131,1,"Unpublished: the master field unpublished = 1, meaning a printed transcript was not produced for ProQuest to index."
4998,82-Hhlni-t.132,1,"Unpublished: the master field unpublished = 1, meaning a printed transcript was not produced for ProQuest to index."
4999,82-Hhlni-t.133,1,"Unpublished: the master field unpublished = 1, meaning a printed transcript was not produced for ProQuest to index."
5000,82-Hhlni-t.134,1,"Unpublished: the master field unpublished = 1, meaning a printed transcript was not produced for ProQuest to index."
5001,82-Hhlni-t.138,1,"Unpublished: the master field unpublished = 1, meaning a printed transcript was not produced for ProQuest to index."
5002,82-Hhlni-t.141,1,"Unpublished: the master field unpublished = 1, meaning a printed transcript was not produced for ProQuest to index."
5003,82-Hhlni-t.148,1,"Unpublished: the master field unpublished = 1, meaning a printed transcript was not produced for ProQuest to index."
5004,82-Hhlni-t.149,1,"Unpublished: the master field unpublished = 1, meaning a printed transcript was not produced for ProQuest to index."
5005,82-Hhlni-t.150,1,"Unpublished: the master field unpublished = 1, meaning a printed transcript was not produced for ProQuest to index."
5006,82-Hhlni-t.151,1,"Unpublished: the master field unpublished = 1, meaning a printed transcript was not produced for ProQuest to index."
5007,82-Hhlni-t.153,1,"Unpublished: the master field unpublished = 1, meaning a printed transcript was not produced for ProQuest to index."
5008,82-Hhlni-t.154,1,"Unpublished: the master field unpublished = 1, meaning a printed transcript was not produced for ProQuest to index."
5009,82-Hhlni-t.163,1,"Unpublished: the master field unpublished = 1, meaning a printed transcript was not produced for ProQuest to index."
5010,82-Hhlni-t.164,1,"Unpublished: the master field unpublished = 1, meaning a printed transcript was not produced for ProQuest to index."
5011,82-Hhlni-t.165,1,"Unpublished: the master field unpublished = 1, meaning a printed transcript was not produced for ProQuest to index."
5012,82-Hhlni-t.17,1,"Unpublished: the master field unpublished = 1, meaning a printed transcript was not produced for ProQuest to index."
5013,82-Hhlni-t.18,1,"Unpublished: the master field unpublished = 1, meaning a printed transcript was not produced for ProQuest to index."
5014,82-Hhlni-t.188,1,"Unpublished: the master field unpublished = 1, meaning a printed transcript was not produced for ProQuest to index."
5015,82-Hhlni-t.19,1,"Unpublished: the master field unpublished = 1, meaning a printed transcript was not produced for ProQuest to index."
5016,82-Hhlni-t.191,1,"Unpublished: the master field unpublished = 1, meaning a printed transcript was not produced for ProQuest to index."
5017,82-Hhlni-t.195,1,"Unpublished: the master field unpublished = 1, meaning a printed transcript was not produced for ProQuest to index."
5018,82-Hhlni-t.204,1,"Unpublished: the master field unpublished = 1, meaning a printed transcript was not produced for ProQuest to index."
5019,82-Hhlni-t.205,1,"Unpublished: the master field unpublished = 1, meaning a printed transcript was not produced for ProQuest to index."
5020,82-Hhlni-t.206,1,"Unpublished: the master field unpublished = 1, meaning a printed transcript was not produced for ProQuest to index."
5021,82-Hhlni-t.207,1,"Unpublished: the master field unpublished = 1, meaning a printed transcript was not produced for ProQuest to index."
5022,82-Hhlni-t.208,1,"Unpublished: the master field unpublished = 1, meaning a printed transcript was not produced for ProQuest to index."
5023,82-Hhlni-t.22,1,"Unpublished: the master field unpublished = 1, meaning a printed transcript was not produced for ProQuest to index."
5024,82-Hhlni-t.223,1,"Unpublished: the master field unpublished = 1, meaning a printed transcript was not produced for ProQuest to index."
5025,82-Hhlni-t.226,1,"Unpublished: the master field unpublished = 1, meaning a printed transcript was not produced for ProQuest to index."
5026,82-Hhlni-t.227,1,"Unpublished: the master field unpublished = 1, meaning a printed transcript was not produced for ProQuest to index."
5027,82-Hhlni-t.228,1,"Unpublished: the master field unpublished = 1, meaning a printed transcript was not produced for ProQuest to index."
5028,82-Hhlni-t.229,1,"Unpublished: the master field unpublished = 1, meaning a printed transcript was not produced for ProQuest to index."
5029,82-Hhlni-t.23,1,"Unpublished: the master field unpublished = 1, meaning a printed transcript was not produced for ProQuest to index."
5030,82-Hhlni-t.230,1,"Unpublished: the master field unpublished = 1, meaning a printed transcript was not produced for ProQuest to index."
5031,82-Hhlni-t.235,1,"Unpublished: the master field unpublished = 1, meaning a printed transcript was not produced for ProQuest to index."
5032,82-Hhlni-t.264,1,"Unpublished: the master field unpublished = 1, meaning a printed transcript was not produced for ProQuest to index."
5033,82-Hhlni-t.265,1,"Unpublished: the master field unpublished = 1, meaning a printed transcript was not produced for ProQuest to index."
5034,82-Hhlni-t.269,1,"Unpublished: the master field unpublished = 1, meaning a printed transcript was not produced for ProQuest to index."
5035,82-Hhlni-t.270,1,"Unpublished: the master field unpublished = 1, meaning a printed transcript was not produced for ProQuest to index."
5036,82-Hhlni-t.271,1,"Unpublished: the master field unpublished = 1, meaning a printed transcript was not produced for ProQuest to index."
5037,82-Hhlni-t.294,1,"Unpublished: the master field unpublished = 1, meaning a printed transcript was not produced for ProQuest to index."
5038,82-Hhlni-t.297,1,"Unpublished: the master field unpublished = 1, meaning a printed transcript was not produced for ProQuest to index."
5039,82-Hhlni-t.298,1,"Unpublished: the master field unpublished = 1, meaning a printed transcript was not produced for ProQuest to index."
5040,82-Hhlni-t.299,1,"Unpublished: the master field unpublished = 1, meaning a printed transcript was not produced for ProQuest to index."
5041,82-Hhlni-t.30,1,"Unpublished: the master field unpublished = 1, meaning a printed transcript was not produced for ProQuest to index."
5042,82-Hhlni-t.31,1,"Unpublished: the master field unpublished = 1, meaning a printed transcript was not produced for ProQuest to index."
5043,82-Hhlni-t.319,1,"Unpublished: the master field unpublished = 1, meaning a printed transcript was not produced for ProQuest to index."
5044,82-Hhlni-t.32,1,"Unpublished: the master field unpublished = 1, meaning a printed transcript was not produced for ProQuest to index."
5045,82-Hhlni-t.326,1,"Unpublished: the master field unpublished = 1, meaning a printed transcript was not produced for ProQuest to index."
5046,82-Hhlni-t.327,1,"Unpublished: the master field unpublished = 1, meaning a printed transcript was not produced for ProQuest to index."
5047,82-Hhlni-t.33,1,"Unpublished: the master field unpublished = 1, meaning a printed transcript was not produced for ProQuest to index."
5048,82-Hhlni-t.332,1,"Unpublished: the master field unpublished = 1, meaning a printed transcript was not produced for ProQuest to index."
5049,82-Hhlni-t.333,1,"Unpublished: the master field unpublished = 1, meaning a printed transcript was not produced for ProQuest to index."
5050,82-Hhlni-t.334,1,"Unpublished: the master field unpublished = 1, meaning a printed transcript was not produced for ProQuest to index."
5051,82-Hhlni-t.335,1,"Unpublished: the master field unpublished = 1, meaning a printed transcript was not produced for ProQuest to index."
5052,82-Hhlni-t.338,1,"Unpublished: the master field unpublished = 1, meaning a printed transcript was not produced for ProQuest to index."
5053,82-Hhlni-t.340,1,"Unpublished: the master field unpublished = 1, meaning a printed transcript was not produced for ProQuest to index."
5054,82-Hhlni-t.341,1,"Unpublished: the master field unpublished = 1, meaning a printed transcript was not produced for ProQuest to index."
5055,82-Hhlni-t.343,1,"Unpublished: the master field unpublished = 1, meaning a printed transcript was not produced for ProQuest to index."
5056,82-Hhlni-t.357,1,"Unpublished: the master field unpublished = 1, meaning a printed transcript was not produced for ProQuest to index."
5057,82-Hhlni-t.358,1,"Unpublished: the master field unpublished = 1, meaning a printed transcript was not produced for ProQuest to index."
5058,82-Hhlni-t.363,1,"Unpublished: the master field unpublished = 1, meaning a printed transcript was not produced for ProQuest to index."
5059,82-Hhlni-t.375,1,"Unpublished: the master field unpublished = 1, meaning a printed transcript was not produced for ProQuest to index."
5060,82-Hhlni-t.376,1,"Unpublished: the master field unpublished = 1, meaning a printed transcript was not produced for ProQuest to index."
5061,82-Hhlni-t.377,1,"Unpublished: the master field unpublished = 1, meaning a printed transcript was not produced for ProQuest to index."
5062,82-Hhlni-t.378,1,"Unpublished: the master field unpublished = 1, meaning a printed transcript was not produced for ProQuest to index."
5063,82-Hhlni-t.379,1,"Unpublished: the master field unpublished = 1, meaning a printed transcript was not produced for ProQuest to index."
5064,82-Hhlni-t.387,1,"Unpublished: the master field unpublished = 1, meaning a printed transcript was not produced for ProQuest to index."
5065,82-Hhlni-t.400,1,"Unpublished: the master field unpublished = 1, meaning a printed transcript was not produced for ProQuest to index."
5066,82-Hhlni-t.401,1,"Unpublished: the master field unpublished = 1, meaning a printed transcript was not produced for ProQuest to index."
5067,82-Hhlni-t.403,1,"Unpublished: the master field unpublished = 1, meaning a printed transcript was not produced for ProQuest to index."
5068,82-Hhlni-t.408,1,"Unpublished: the master field unpublished = 1, meaning a printed transcript was not produced for ProQuest to index."
5069,82-Hhlni-t.409,1,"Unpublished: the master field unpublished = 1, meaning a printed transcript was not produced for ProQuest to index."
5070,82-Hhlni-t.411,1,"Unpublished: the master field unpublished = 1, meaning a printed transcript was not produced for ProQuest to index."
5071,82-Hhlni-t.417,1,"Unpublished: the master field unpublished = 1, meaning a printed transcript was not produced for ProQuest to index."
5072,82-Hhlni-t.418,1,"Unpublished: the master field unpublished = 1, meaning a printed transcript was not produced for ProQuest to index."
5073,82-Hhlni-t.421,1,"Unpublished: the master field unpublished = 1, meaning a printed transcript was not produced for ProQuest to index."
5074,82-Hhlni-t.422,1,"Unpublished: the master field unpublished = 1, meaning a printed transcript was not produced for ProQuest to index."
5075,82-Hhlni-t.434,1,"Unpublished: the master field unpublished = 1, meaning a printed transcript was not produced for ProQuest to index."
5076,82-Hhlni-t.436,1,"Unpublished: the master field unpublished = 1, meaning a printed transcript was not produced for ProQuest to index."
5077,82-Hhlni-t.44,1,"Unpublished: the master field unpublished = 1, meaning a printed transcript was not produced for ProQuest to index."
5078,82-Hhlni-t.440,1,"Unpublished: the master field unpublished = 1, meaning a printed transcript was not produced for ProQuest to index."
5079,82-Hhlni-t.442,1,"Unpublished: the master field unpublished = 1, meaning a printed transcript was not produced for ProQuest to index."
5080,82-Hhlni-t.443,1,"Unpublished: the master field unpublished = 1, meaning a printed transcript was not produced for ProQuest to index."
5081,82-Hhlni-t.444,1,"Unpublished: the master field unpublished = 1, meaning a printed transcript was not produced for ProQuest to index."
5082,82-Hhlni-t.445,1,"Unpublished: the master field unpublished = 1, meaning a printed transcript was not produced for ProQuest to index."
5083,82-Hhlni-t.448,1,"Unpublished: the master field unpublished = 1, meaning a printed transcript was not produced for ProQuest to index."
5084,82-Hhlni-t.449,1,"Unpublished: the master field unpublished = 1, meaning a printed transcript was not produced for ProQuest to index."
5085,82-Hhlni-t.463,1,"Unpublished: the master field unpublished = 1, meaning a printed transcript was not produced for ProQuest to index."
5086,82-Hhlni-t.464,1,"Unpublished: the master field unpublished = 1, meaning a printed transcript was not produced for ProQuest to index."
5087,82-Hhlni-t.465,1,"Unpublished: the master field unpublished = 1, meaning a printed transcript was not produced for ProQuest to index."
5088,82-Hhlni-t.48,1,"Unpublished: the master field unpublished = 1, meaning a printed transcript was not produced for ProQuest to index."
5089,82-Hhlni-t.49,1,"Unpublished: the master field unpublished = 1, meaning a printed transcript was not produced for ProQuest to index."
5090,82-Hhlni-t.5,1,"Unpublished: the master field unpublished = 1, meaning a printed transcript was not produced for ProQuest to index."
5091,82-Hhlni-t.51,1,"Unpublished: the master field unpublished = 1, meaning a printed transcript was not produced for ProQuest to index."
5092,82-Hhlni-t.55,1,"Unpublished: the master field unpublished = 1, meaning a printed transcript was not produced for ProQuest to index."
5093,82-Hhlni-t.56,1,"Unpublished: the master field unpublished = 1, meaning a printed transcript was not produced for ProQuest to index."
5094,82-Hhlni-t.57,1,"Unpublished: the master field unpublished = 1, meaning a printed transcript was not produced for ProQuest to index."
5095,82-Hhlni-t.58,1,"Unpublished: the master field unpublished = 1, meaning a printed transcript was not produced for ProQuest to index."
5096,82-Hhlni-t.60,1,"Unpublished: the master field unpublished = 1, meaning a printed transcript was not produced for ProQuest to index."
5097,82-Hhlni-t.61,1,"Unpublished: the master field unpublished = 1, meaning a printed transcript was not produced for ProQuest to index."
5098,82-Hhlni-t.62,1,"Unpublished: the master field unpublished = 1, meaning a printed transcript was not produced for ProQuest to index."
5099,82-Hhlni-t.63,1,"Unpublished: the master field unpublished = 1, meaning a printed transcript was not produced for ProQuest to index."
5100,82-Hhlni-t.76,1,"Unpublished: the master field unpublished = 1, meaning a printed transcript was not produced for ProQuest to index."
5101,82-Hhlni-t.77,1,"Unpublished: the master field unpublished = 1, meaning a printed transcript was not produced for ProQuest to index."
5102,82-Hhlni-t.83,1,"Unpublished: the master field unpublished = 1, meaning a printed transcript was not produced for ProQuest to index."
5103,82-Hhlni-t.84,1,"Unpublished: the master field unpublished = 1, meaning a printed transcript was not produced for ProQuest to index."
5104,82-Hhlni-t.85,1,"Unpublished: the master field unpublished = 1, meaning a printed transcript was not produced for ProQuest to index."
5105,82-Hhlni-t.88,1,"Unpublished: the master field unpublished = 1, meaning a printed transcript was not produced for ProQuest to index."
5106,82-Hhlni-t.95,1,"Unpublished: the master field unpublished = 1, meaning a printed transcript was not produced for ProQuest to index."
5107,82-Hhlni-t.96,1,"Unpublished: the master field unpublished = 1, meaning a printed transcript was not produced for ProQuest to index."
5108,82-Hhlni-t.97,1,"Unpublished: the master field unpublished = 1, meaning a printed transcript was not produced for ProQuest to index."
5109,82-Hhlni-t.98,1,"Unpublished: the master field unpublished = 1, meaning a printed transcript was not produced for ProQuest to index."
5110,82-Hhme-t.12,1,"Unpublished: the master field unpublished = 1, meaning a printed transcript was not produced for ProQuest to index."
5111,82-Hhme-t.13,1,"Unpublished: the master field unpublished = 1, meaning a printed transcript was not produced for ProQuest to index."
5112,82-Hhme-t.4,1,"Unpublished: the master field unpublished = 1, meaning a printed transcript was not produced for ProQuest to index."
5113,82-Hhme-t.7,1,"Unpublished: the master field unpublished = 1, meaning a printed transcript was not produced for ProQuest to index."
5114,82-Hhme-t.9,1,"Unpublished: the master field unpublished = 1, meaning a printed transcript was not produced for ProQuest to index."
5115,82-Hhpw-t.4,1,"Unpublished: the master field unpublished = 1, meaning a printed transcript was not produced for ProQuest to index."
5116,82-J1008-4,3,Joint Committee on Atomic Energy: the master metadata identifies a joint committee record with committee1 = 308.
5117,82-J1025-2,3,Joint Committee on Atomic Energy: the master metadata identifies a joint committee record with committee1 = 308.
5120,82-Jjato-t.1,1,"Unpublished: the master field unpublished = 1, meaning a printed transcript was not produced for ProQuest to index."
5121,82-Jjato-t.10,1,"Unpublished: the master field unpublished = 1, meaning a printed transcript was not produced for ProQuest to index."
5122,82-Jjato-t.11,1,"Unpublished: the master field unpublished = 1, meaning a printed transcript was not produced for ProQuest to index."
5123,82-Jjato-t.2,1,"Unpublished: the master field unpublished = 1, meaning a printed transcript was not produced for ProQuest to index."
5124,82-Jjato-t.20,1,"Unpublished: the master field unpublished = 1, meaning a printed transcript was not produced for ProQuest to index."
5125,82-Jjato-t.28,1,"Unpublished: the master field unpublished = 1, meaning a printed transcript was not produced for ProQuest to index."
5126,82-Jjato-t.3,1,"Unpublished: the master field unpublished = 1, meaning a printed transcript was not produced for ProQuest to index."
5127,82-Jjato-t.30,1,"Unpublished: the master field unpublished = 1, meaning a printed transcript was not produced for ProQuest to index."
5128,82-Jjato-t.4,1,"Unpublished: the master field unpublished = 1, meaning a printed transcript was not produced for ProQuest to index."
5129,82-Jjato-t.5,1,"Unpublished: the master field unpublished = 1, meaning a printed transcript was not produced for ProQuest to index."
5130,82-Jjato-t.6,1,"Unpublished: the master field unpublished = 1, meaning a printed transcript was not produced for ProQuest to index."
5131,82-Jjato-t.9,1,"Unpublished: the master field unpublished = 1, meaning a printed transcript was not produced for ProQuest to index."
5189,82-S321-14,2,"Incomplete/not-found record: unpublished is not 1, but the master hearing title is blank."
5190,82-S321-15,2,"Incomplete/not-found record: unpublished is not 1, but the master hearing title is blank."
5207,82-S361-14,2,"Incomplete/not-found record: unpublished is not 1, but the master hearing title is blank."
5240,82-Ssfo-t.46,1,"Unpublished: the master field unpublished = 1, meaning a printed transcript was not produced for ProQuest to index."
5241,82-Ssfo-t.50,1,"Unpublished: the master field unpublished = 1, meaning a printed transcript was not produced for ProQuest to index."
5242,82-Ssinf-t.40,1,"Unpublished: the master field unpublished = 1, meaning a printed transcript was not produced for ProQuest to index."
5243,82-Ssini-t.36,1,"Unpublished: the master field unpublished = 1, meaning a printed transcript was not produced for ProQuest to index."
5244,82-Ssini-t.38,1,"Unpublished: the master field unpublished = 1, meaning a printed transcript was not produced for ProQuest to index."
5245,82-Ssini-t.46,1,"Unpublished: the master field unpublished = 1, meaning a printed transcript was not produced for ProQuest to index."
5246,82-Sssm-t.20,1,"Unpublished: the master field unpublished = 1, meaning a printed transcript was not produced for ProQuest to index."
5284,83-H1494-1,2,"Incomplete/not-found record: unpublished is not 1, but the master hearing title is blank."
5294,83-H241-28,2,"Incomplete/not-found record: unpublished is not 1, but the master hearing title is blank."
5296,83-H341-58,2,"Incomplete/not-found record: unpublished is not 1, but the master hearing title is blank."
5317,83-H361-42,2,"Incomplete/not-found record: unpublished is not 1, but the master hearing title is blank."
5384,83-H641-9,2,"Incomplete/not-found record: unpublished is not 1, but the master hearing title is blank."
5387,83-H701-16,2,"Incomplete/not-found record: unpublished is not 1, but the master hearing title is blank."
5395,83-H701-45,2,"Incomplete/not-found record: unpublished is not 1, but the master hearing title is blank."
5406,83-H721-24,2,"Incomplete/not-found record: unpublished is not 1, but the master hearing title is blank."
5408,83-Hhag-t.2,1,"Unpublished: the master field unpublished = 1, meaning a printed transcript was not produced for ProQuest to index."
5409,83-Hhj-t.121,1,"Unpublished: the master field unpublished = 1, meaning a printed transcript was not produced for ProQuest to index."
5410,83-Hhlni-t.1,1,"Unpublished: the master field unpublished = 1, meaning a printed transcript was not produced for ProQuest to index."
5411,83-Hhlni-t.102,1,"Unpublished: the master field unpublished = 1, meaning a printed transcript was not produced for ProQuest to index."
5412,83-Hhlni-t.103,1,"Unpublished: the master field unpublished = 1, meaning a printed transcript was not produced for ProQuest to index."
5413,83-Hhlni-t.108,1,"Unpublished: the master field unpublished = 1, meaning a printed transcript was not produced for ProQuest to index."
5414,83-Hhlni-t.109,1,"Unpublished: the master field unpublished = 1, meaning a printed transcript was not produced for ProQuest to index."
5415,83-Hhlni-t.121,1,"Unpublished: the master field unpublished = 1, meaning a printed transcript was not produced for ProQuest to index."
5416,83-Hhlni-t.122,1,"Unpublished: the master field unpublished = 1, meaning a printed transcript was not produced for ProQuest to index."
5417,83-Hhlni-t.123,1,"Unpublished: the master field unpublished = 1, meaning a printed transcript was not produced for ProQuest to index."
5418,83-Hhlni-t.124,1,"Unpublished: the master field unpublished = 1, meaning a printed transcript was not produced for ProQuest to index."
5419,83-Hhlni-t.130,1,"Unpublished: the master field unpublished = 1, meaning a printed transcript was not produced for ProQuest to index."
5420,83-Hhlni-t.131,1,"Unpublished: the master field unpublished = 1, meaning a printed transcript was not produced for ProQuest to index."
5421,83-Hhlni-t.134,1,"Unpublished: the master field unpublished = 1, meaning a printed transcript was not produced for ProQuest to index."
5422,83-Hhlni-t.155,1,"Unpublished: the master field unpublished = 1, meaning a printed transcript was not produced for ProQuest to index."
5423,83-Hhlni-t.156,1,"Unpublished: the master field unpublished = 1, meaning a printed transcript was not produced for ProQuest to index."
5424,83-Hhlni-t.16,1,"Unpublished: the master field unpublished = 1, meaning a printed transcript was not produced for ProQuest to index."
5425,83-Hhlni-t.162,1,"Unpublished: the master field unpublished = 1, meaning a printed transcript was not produced for ProQuest to index."
5426,83-Hhlni-t.163,1,"Unpublished: the master field unpublished = 1, meaning a printed transcript was not produced for ProQuest to index."
5427,83-Hhlni-t.164,1,"Unpublished: the master field unpublished = 1, meaning a printed transcript was not produced for ProQuest to index."
5428,83-Hhlni-t.166,1,"Unpublished: the master field unpublished = 1, meaning a printed transcript was not produced for ProQuest to index."
5429,83-Hhlni-t.175,1,"Unpublished: the master field unpublished = 1, meaning a printed transcript was not produced for ProQuest to index."
5430,83-Hhlni-t.181,1,"Unpublished: the master field unpublished = 1, meaning a printed transcript was not produced for ProQuest to index."
5431,83-Hhlni-t.189,1,"Unpublished: the master field unpublished = 1, meaning a printed transcript was not produced for ProQuest to index."
5432,83-Hhlni-t.194,1,"Unpublished: the master field unpublished = 1, meaning a printed transcript was not produced for ProQuest to index."
5433,83-Hhlni-t.198,1,"Unpublished: the master field unpublished = 1, meaning a printed transcript was not produced for ProQuest to index."
5434,83-Hhlni-t.199,1,"Unpublished: the master field unpublished = 1, meaning a printed transcript was not produced for ProQuest to index."
5435,83-Hhlni-t.200,1,"Unpublished: the master field unpublished = 1, meaning a printed transcript was not produced for ProQuest to index."
5436,83-Hhlni-t.202,1,"Unpublished: the master field unpublished = 1, meaning a printed transcript was not produced for ProQuest to index."
5437,83-Hhlni-t.213,1,"Unpublished: the master field unpublished = 1, meaning a printed transcript was not produced for ProQuest to index."
5438,83-Hhlni-t.216,1,"Unpublished: the master field unpublished = 1, meaning a printed transcript was not produced for ProQuest to index."
5439,83-Hhlni-t.218,1,"Unpublished: the master field unpublished = 1, meaning a printed transcript was not produced for ProQuest to index."
5440,83-Hhlni-t.219,1,"Unpublished: the master field unpublished = 1, meaning a printed transcript was not produced for ProQuest to index."
5441,83-Hhlni-t.220,1,"Unpublished: the master field unpublished = 1, meaning a printed transcript was not produced for ProQuest to index."
5442,83-Hhlni-t.226,1,"Unpublished: the master field unpublished = 1, meaning a printed transcript was not produced for ProQuest to index."
5443,83-Hhlni-t.231,1,"Unpublished: the master field unpublished = 1, meaning a printed transcript was not produced for ProQuest to index."
5444,83-Hhlni-t.232,1,"Unpublished: the master field unpublished = 1, meaning a printed transcript was not produced for ProQuest to index."
5445,83-Hhlni-t.244,1,"Unpublished: the master field unpublished = 1, meaning a printed transcript was not produced for ProQuest to index."
5446,83-Hhlni-t.245,1,"Unpublished: the master field unpublished = 1, meaning a printed transcript was not produced for ProQuest to index."
5447,83-Hhlni-t.250,1,"Unpublished: the master field unpublished = 1, meaning a printed transcript was not produced for ProQuest to index."
5448,83-Hhlni-t.259,1,"Unpublished: the master field unpublished = 1, meaning a printed transcript was not produced for ProQuest to index."
5449,83-Hhlni-t.260,1,"Unpublished: the master field unpublished = 1, meaning a printed transcript was not produced for ProQuest to index."
5450,83-Hhlni-t.262,1,"Unpublished: the master field unpublished = 1, meaning a printed transcript was not produced for ProQuest to index."
5451,83-Hhlni-t.269,1,"Unpublished: the master field unpublished = 1, meaning a printed transcript was not produced for ProQuest to index."
5452,83-Hhlni-t.280,1,"Unpublished: the master field unpublished = 1, meaning a printed transcript was not produced for ProQuest to index."
5453,83-Hhlni-t.285,1,"Unpublished: the master field unpublished = 1, meaning a printed transcript was not produced for ProQuest to index."
5454,83-Hhlni-t.286,1,"Unpublished: the master field unpublished = 1, meaning a printed transcript was not produced for ProQuest to index."
5455,83-Hhlni-t.287,1,"Unpublished: the master field unpublished = 1, meaning a printed transcript was not produced for ProQuest to index."
5456,83-Hhlni-t.295,1,"Unpublished: the master field unpublished = 1, meaning a printed transcript was not produced for ProQuest to index."
5457,83-Hhlni-t.296,1,"Unpublished: the master field unpublished = 1, meaning a printed transcript was not produced for ProQuest to index."
5458,83-Hhlni-t.301,1,"Unpublished: the master field unpublished = 1, meaning a printed transcript was not produced for ProQuest to index."
5459,83-Hhlni-t.302,1,"Unpublished: the master field unpublished = 1, meaning a printed transcript was not produced for ProQuest to index."
5460,83-Hhlni-t.303,1,"Unpublished: the master field unpublished = 1, meaning a printed transcript was not produced for ProQuest to index."
5461,83-Hhlni-t.304,1,"Unpublished: the master field unpublished = 1, meaning a printed transcript was not produced for ProQuest to index."
5462,83-Hhlni-t.305,1,"Unpublished: the master field unpublished = 1, meaning a printed transcript was not produced for ProQuest to index."
5463,83-Hhlni-t.308,1,"Unpublished: the master field unpublished = 1, meaning a printed transcript was not produced for ProQuest to index."
5464,83-Hhlni-t.309,1,"Unpublished: the master field unpublished = 1, meaning a printed transcript was not produced for ProQuest to index."
5465,83-Hhlni-t.31,1,"Unpublished: the master field unpublished = 1, meaning a printed transcript was not produced for ProQuest to index."
5466,83-Hhlni-t.317,1,"Unpublished: the master field unpublished = 1, meaning a printed transcript was not produced for ProQuest to index."
5467,83-Hhlni-t.318,1,"Unpublished: the master field unpublished = 1, meaning a printed transcript was not produced for ProQuest to index."
5468,83-Hhlni-t.319,1,"Unpublished: the master field unpublished = 1, meaning a printed transcript was not produced for ProQuest to index."
5469,83-Hhlni-t.32,1,"Unpublished: the master field unpublished = 1, meaning a printed transcript was not produced for ProQuest to index."
5470,83-Hhlni-t.320,1,"Unpublished: the master field unpublished = 1, meaning a printed transcript was not produced for ProQuest to index."
5471,83-Hhlni-t.321,1,"Unpublished: the master field unpublished = 1, meaning a printed transcript was not produced for ProQuest to index."
5472,83-Hhlni-t.328,1,"Unpublished: the master field unpublished = 1, meaning a printed transcript was not produced for ProQuest to index."
5473,83-Hhlni-t.331,1,"Unpublished: the master field unpublished = 1, meaning a printed transcript was not produced for ProQuest to index."
5474,83-Hhlni-t.334,1,"Unpublished: the master field unpublished = 1, meaning a printed transcript was not produced for ProQuest to index."
5475,83-Hhlni-t.335,1,"Unpublished: the master field unpublished = 1, meaning a printed transcript was not produced for ProQuest to index."
5476,83-Hhlni-t.336,1,"Unpublished: the master field unpublished = 1, meaning a printed transcript was not produced for ProQuest to index."
5477,83-Hhlni-t.34,1,"Unpublished: the master field unpublished = 1, meaning a printed transcript was not produced for ProQuest to index."
5478,83-Hhlni-t.340,1,"Unpublished: the master field unpublished = 1, meaning a printed transcript was not produced for ProQuest to index."
5479,83-Hhlni-t.341,1,"Unpublished: the master field unpublished = 1, meaning a printed transcript was not produced for ProQuest to index."
5480,83-Hhlni-t.342,1,"Unpublished: the master field unpublished = 1, meaning a printed transcript was not produced for ProQuest to index."
5481,83-Hhlni-t.355,1,"Unpublished: the master field unpublished = 1, meaning a printed transcript was not produced for ProQuest to index."
5482,83-Hhlni-t.356,1,"Unpublished: the master field unpublished = 1, meaning a printed transcript was not produced for ProQuest to index."
5483,83-Hhlni-t.360,1,"Unpublished: the master field unpublished = 1, meaning a printed transcript was not produced for ProQuest to index."
5484,83-Hhlni-t.365,1,"Unpublished: the master field unpublished = 1, meaning a printed transcript was not produced for ProQuest to index."
5485,83-Hhlni-t.369,1,"Unpublished: the master field unpublished = 1, meaning a printed transcript was not produced for ProQuest to index."
5486,83-Hhlni-t.37,1,"Unpublished: the master field unpublished = 1, meaning a printed transcript was not produced for ProQuest to index."
5487,83-Hhlni-t.372,1,"Unpublished: the master field unpublished = 1, meaning a printed transcript was not produced for ProQuest to index."
5488,83-Hhlni-t.378,1,"Unpublished: the master field unpublished = 1, meaning a printed transcript was not produced for ProQuest to index."
5489,83-Hhlni-t.379,1,"Unpublished: the master field unpublished = 1, meaning a printed transcript was not produced for ProQuest to index."
5490,83-Hhlni-t.385,1,"Unpublished: the master field unpublished = 1, meaning a printed transcript was not produced for ProQuest to index."
5491,83-Hhlni-t.391,1,"Unpublished: the master field unpublished = 1, meaning a printed transcript was not produced for ProQuest to index."
5492,83-Hhlni-t.397,1,"Unpublished: the master field unpublished = 1, meaning a printed transcript was not produced for ProQuest to index."
5493,83-Hhlni-t.398,1,"Unpublished: the master field unpublished = 1, meaning a printed transcript was not produced for ProQuest to index."
5494,83-Hhlni-t.406,1,"Unpublished: the master field unpublished = 1, meaning a printed transcript was not produced for ProQuest to index."
5495,83-Hhlni-t.414,1,"Unpublished: the master field unpublished = 1, meaning a printed transcript was not produced for ProQuest to index."
5496,83-Hhlni-t.42,1,"Unpublished: the master field unpublished = 1, meaning a printed transcript was not produced for ProQuest to index."
5497,83-Hhlni-t.422,1,"Unpublished: the master field unpublished = 1, meaning a printed transcript was not produced for ProQuest to index."
5498,83-Hhlni-t.439,1,"Unpublished: the master field unpublished = 1, meaning a printed transcript was not produced for ProQuest to index."
5499,83-Hhlni-t.441,1,"Unpublished: the master field unpublished = 1, meaning a printed transcript was not produced for ProQuest to index."
5500,83-Hhlni-t.445,1,"Unpublished: the master field unpublished = 1, meaning a printed transcript was not produced for ProQuest to index."
5501,83-Hhlni-t.453,1,"Unpublished: the master field unpublished = 1, meaning a printed transcript was not produced for ProQuest to index."
5502,83-Hhlni-t.455,1,"Unpublished: the master field unpublished = 1, meaning a printed transcript was not produced for ProQuest to index."
5503,83-Hhlni-t.456,1,"Unpublished: the master field unpublished = 1, meaning a printed transcript was not produced for ProQuest to index."
5504,83-Hhlni-t.46,1,"Unpublished: the master field unpublished = 1, meaning a printed transcript was not produced for ProQuest to index."
5505,83-Hhlni-t.464,1,"Unpublished: the master field unpublished = 1, meaning a printed transcript was not produced for ProQuest to index."
5506,83-Hhlni-t.47,1,"Unpublished: the master field unpublished = 1, meaning a printed transcript was not produced for ProQuest to index."
5507,83-Hhlni-t.496,1,"Unpublished: the master field unpublished = 1, meaning a printed transcript was not produced for ProQuest to index."
5508,83-Hhlni-t.497,1,"Unpublished: the master field unpublished = 1, meaning a printed transcript was not produced for ProQuest to index."
5509,83-Hhlni-t.498,1,"Unpublished: the master field unpublished = 1, meaning a printed transcript was not produced for ProQuest to index."
5510,83-Hhlni-t.500,1,"Unpublished: the master field unpublished = 1, meaning a printed transcript was not produced for ProQuest to index."
5511,83-Hhlni-t.504,1,"Unpublished: the master field unpublished = 1, meaning a printed transcript was not produced for ProQuest to index."
5512,83-Hhlni-t.510,1,"Unpublished: the master field unpublished = 1, meaning a printed transcript was not produced for ProQuest to index."
5513,83-Hhlni-t.521,1,"Unpublished: the master field unpublished = 1, meaning a printed transcript was not produced for ProQuest to index."
5514,83-Hhlni-t.533,1,"Unpublished: the master field unpublished = 1, meaning a printed transcript was not produced for ProQuest to index."
5515,83-Hhlni-t.535,1,"Unpublished: the master field unpublished = 1, meaning a printed transcript was not produced for ProQuest to index."
5516,83-Hhlni-t.536,1,"Unpublished: the master field unpublished = 1, meaning a printed transcript was not produced for ProQuest to index."
5517,83-Hhlni-t.544,1,"Unpublished: the master field unpublished = 1, meaning a printed transcript was not produced for ProQuest to index."
5518,83-Hhlni-t.550,1,"Unpublished: the master field unpublished = 1, meaning a printed transcript was not produced for ProQuest to index."
5519,83-Hhlni-t.552,1,"Unpublished: the master field unpublished = 1, meaning a printed transcript was not produced for ProQuest to index."
5520,83-Hhlni-t.554,1,"Unpublished: the master field unpublished = 1, meaning a printed transcript was not produced for ProQuest to index."
5521,83-Hhlni-t.560,1,"Unpublished: the master field unpublished = 1, meaning a printed transcript was not produced for ProQuest to index."
5522,83-Hhlni-t.564,1,"Unpublished: the master field unpublished = 1, meaning a printed transcript was not produced for ProQuest to index."
5523,83-Hhlni-t.565,1,"Unpublished: the master field unpublished = 1, meaning a printed transcript was not produced for ProQuest to index."
5524,83-Hhlni-t.568,1,"Unpublished: the master field unpublished = 1, meaning a printed transcript was not produced for ProQuest to index."
5525,83-Hhlni-t.57,1,"Unpublished: the master field unpublished = 1, meaning a printed transcript was not produced for ProQuest to index."
5526,83-Hhlni-t.58,1,"Unpublished: the master field unpublished = 1, meaning a printed transcript was not produced for ProQuest to index."
5527,83-Hhlni-t.6,1,"Unpublished: the master field unpublished = 1, meaning a printed transcript was not produced for ProQuest to index."
5528,83-Hhlni-t.69,1,"Unpublished: the master field unpublished = 1, meaning a printed transcript was not produced for ProQuest to index."
5529,83-Hhlni-t.8,1,"Unpublished: the master field unpublished = 1, meaning a printed transcript was not produced for ProQuest to index."
5530,83-Hhlni-t.82,1,"Unpublished: the master field unpublished = 1, meaning a printed transcript was not produced for ProQuest to index."
5531,83-Hhlni-t.83,1,"Unpublished: the master field unpublished = 1, meaning a printed transcript was not produced for ProQuest to index."
5532,83-Hhlni-t.87,1,"Unpublished: the master field unpublished = 1, meaning a printed transcript was not produced for ProQuest to index."
5533,83-Hhlni-t.88,1,"Unpublished: the master field unpublished = 1, meaning a printed transcript was not produced for ProQuest to index."
5534,83-Hhme-t.20,1,"Unpublished: the master field unpublished = 1, meaning a printed transcript was not produced for ProQuest to index."
5535,83-Hhpw-t.1,1,"Unpublished: the master field unpublished = 1, meaning a printed transcript was not produced for ProQuest to index."
5536,83-Hhpw-t.10,1,"Unpublished: the master field unpublished = 1, meaning a printed transcript was not produced for ProQuest to index."
5537,83-Hhpw-t.11,1,"Unpublished: the master field unpublished = 1, meaning a printed transcript was not produced for ProQuest to index."
5538,83-Hhpw-t.14,1,"Unpublished: the master field unpublished = 1, meaning a printed transcript was not produced for ProQuest to index."
5539,83-Hhpw-t.15,1,"Unpublished: the master field unpublished = 1, meaning a printed transcript was not produced for ProQuest to index."
5540,83-Hhpw-t.21,1,"Unpublished: the master field unpublished = 1, meaning a printed transcript was not produced for ProQuest to index."
5541,83-Hhpw-t.27,1,"Unpublished: the master field unpublished = 1, meaning a printed transcript was not produced for ProQuest to index."
5542,83-Hhpw-t.29,1,"Unpublished: the master field unpublished = 1, meaning a printed transcript was not produced for ProQuest to index."
5543,83-Hhpw-t.31,1,"Unpublished: the master field unpublished = 1, meaning a printed transcript was not produced for ProQuest to index."
5544,83-Hhpw-t.34,1,"Unpublished: the master field unpublished = 1, meaning a printed transcript was not produced for ProQuest to index."
5545,83-Hhpw-t.37,1,"Unpublished: the master field unpublished = 1, meaning a printed transcript was not produced for ProQuest to index."
5546,83-Hhpw-t.4,1,"Unpublished: the master field unpublished = 1, meaning a printed transcript was not produced for ProQuest to index."
5547,83-Hhpw-t.6,1,"Unpublished: the master field unpublished = 1, meaning a printed transcript was not produced for ProQuest to index."
5548,83-Hhpw-t.7,1,"Unpublished: the master field unpublished = 1, meaning a printed transcript was not produced for ProQuest to index."
5549,83-J1063-4,3,Joint Committee on Atomic Energy: the master metadata identifies a joint committee record with committee1 = 308.
5550,83-J1063-5,3,Joint Committee on Atomic Energy: the master metadata identifies a joint committee record with committee1 = 308.
5551,83-J1082-2,3,Joint Committee on Atomic Energy: the master metadata identifies a joint committee record with committee1 = 308.
5552,83-J1082-3a,3,Joint Committee on Atomic Energy: the master metadata identifies a joint committee record with committee1 = 308.
5553,83-J1082-3b,3,Joint Committee on Atomic Energy: the master metadata identifies a joint committee record with committee1 = 308.
5555,83-Jjato-t.10,1,"Unpublished: the master field unpublished = 1, meaning a printed transcript was not produced for ProQuest to index."
5556,83-Jjato-t.11,1,"Unpublished: the master field unpublished = 1, meaning a printed transcript was not produced for ProQuest to index."
5557,83-Jjato-t.13,1,"Unpublished: the master field unpublished = 1, meaning a printed transcript was not produced for ProQuest to index."
5558,83-Jjato-t.27,1,"Unpublished: the master field unpublished = 1, meaning a printed transcript was not produced for ProQuest to index."
5559,83-Jjato-t.35,1,"Unpublished: the master field unpublished = 1, meaning a printed transcript was not produced for ProQuest to index."
5560,83-Jjato-t.37,1,"Unpublished: the master field unpublished = 1, meaning a printed transcript was not produced for ProQuest to index."
5616,83-S311-42,2,"Incomplete/not-found record: unpublished is not 1, but the master hearing title is blank."
5662,83-Ssars-t.100,1,"Unpublished: the master field unpublished = 1, meaning a printed transcript was not produced for ProQuest to index."
5663,83-Ssars-t.109,1,"Unpublished: the master field unpublished = 1, meaning a printed transcript was not produced for ProQuest to index."
5664,83-Ssars-t.123,1,"Unpublished: the master field unpublished = 1, meaning a printed transcript was not produced for ProQuest to index."
5665,83-Ssars-t.140,1,"Unpublished: the master field unpublished = 1, meaning a printed transcript was not produced for ProQuest to index."
5666,83-Ssars-t.60,1,"Unpublished: the master field unpublished = 1, meaning a printed transcript was not produced for ProQuest to index."
5667,83-Ssd-t.41,1,"Unpublished: the master field unpublished = 1, meaning a printed transcript was not produced for ProQuest to index."
5668,83-Ssini-t.101,1,"Unpublished: the master field unpublished = 1, meaning a printed transcript was not produced for ProQuest to index."
5669,83-Ssini-t.109,1,"Unpublished: the master field unpublished = 1, meaning a printed transcript was not produced for ProQuest to index."
5670,83-Ssini-t.11,1,"Unpublished: the master field unpublished = 1, meaning a printed transcript was not produced for ProQuest to index."
5671,83-Ssini-t.111,1,"Unpublished: the master field unpublished = 1, meaning a printed transcript was not produced for ProQuest to index."
5672,83-Ssini-t.18,1,"Unpublished: the master field unpublished = 1, meaning a printed transcript was not produced for ProQuest to index."
5673,83-Ssini-t.19,1,"Unpublished: the master field unpublished = 1, meaning a printed transcript was not produced for ProQuest to index."
5674,83-Ssini-t.24,1,"Unpublished: the master field unpublished = 1, meaning a printed transcript was not produced for ProQuest to index."
5675,83-Ssini-t.25,1,"Unpublished: the master field unpublished = 1, meaning a printed transcript was not produced for ProQuest to index."
5676,83-Ssini-t.26,1,"Unpublished: the master field unpublished = 1, meaning a printed transcript was not produced for ProQuest to index."
5677,83-Ssini-t.30,1,"Unpublished: the master field unpublished = 1, meaning a printed transcript was not produced for ProQuest to index."
5678,83-Ssini-t.31,1,"Unpublished: the master field unpublished = 1, meaning a printed transcript was not produced for ProQuest to index."
5679,83-Ssini-t.32,1,"Unpublished: the master field unpublished = 1, meaning a printed transcript was not produced for ProQuest to index."
5680,83-Ssini-t.34,1,"Unpublished: the master field unpublished = 1, meaning a printed transcript was not produced for ProQuest to index."
5681,83-Ssini-t.36,1,"Unpublished: the master field unpublished = 1, meaning a printed transcript was not produced for ProQuest to index."
5682,83-Ssini-t.39,1,"Unpublished: the master field unpublished = 1, meaning a printed transcript was not produced for ProQuest to index."
5683,83-Ssini-t.40,1,"Unpublished: the master field unpublished = 1, meaning a printed transcript was not produced for ProQuest to index."
5684,83-Ssini-t.46,1,"Unpublished: the master field unpublished = 1, meaning a printed transcript was not produced for ProQuest to index."
5685,83-Ssini-t.47,1,"Unpublished: the master field unpublished = 1, meaning a printed transcript was not produced for ProQuest to index."
5686,83-Ssini-t.52,1,"Unpublished: the master field unpublished = 1, meaning a printed transcript was not produced for ProQuest to index."
5687,83-Ssini-t.55,1,"Unpublished: the master field unpublished = 1, meaning a printed transcript was not produced for ProQuest to index."
5688,83-Ssini-t.59,1,"Unpublished: the master field unpublished = 1, meaning a printed transcript was not produced for ProQuest to index."
5689,83-Ssini-t.65,1,"Unpublished: the master field unpublished = 1, meaning a printed transcript was not produced for ProQuest to index."
5690,83-Ssini-t.67,1,"Unpublished: the master field unpublished = 1, meaning a printed transcript was not produced for ProQuest to index."
5691,83-Ssini-t.73,1,"Unpublished: the master field unpublished = 1, meaning a printed transcript was not produced for ProQuest to index."
5692,83-Ssini-t.76,1,"Unpublished: the master field unpublished = 1, meaning a printed transcript was not produced for ProQuest to index."
5693,83-Ssini-t.78,1,"Unpublished: the master field unpublished = 1, meaning a printed transcript was not produced for ProQuest to index."
5694,83-Ssini-t.82,1,"Unpublished: the master field unpublished = 1, meaning a printed transcript was not produced for ProQuest to index."
5695,83-Ssini-t.85,1,"Unpublished: the master field unpublished = 1, meaning a printed transcript was not produced for ProQuest to index."
5696,83-Ssini-t.95,1,"Unpublished: the master field unpublished = 1, meaning a printed transcript was not produced for ProQuest to index."
5697,83-Ssj-t.13,1,"Unpublished: the master field unpublished = 1, meaning a printed transcript was not produced for ProQuest to index."
5698,83-Ssj-t.14,1,"Unpublished: the master field unpublished = 1, meaning a printed transcript was not produced for ProQuest to index."
5699,83-Ssj-t.15,1,"Unpublished: the master field unpublished = 1, meaning a printed transcript was not produced for ProQuest to index."
5700,83-Sslni-1,2,"Incomplete/not-found record: unpublished is not 1, but the master hearing title is blank."
5701,83-Sspw-t.2,1,"Unpublished: the master field unpublished = 1, meaning a printed transcript was not produced for ProQuest to index."
5847,84-Hhag-1,4,"Other: no permalink was found, but the record is not unpublished, is not missing a title, and is not Joint Committee on Atomic Energy."
5848,84-Hhag-t.15,1,"Unpublished: the master field unpublished = 1, meaning a printed transcript was not produced for ProQuest to index."
5849,84-Hhars-t.5,1,"Unpublished: the master field unpublished = 1, meaning a printed transcript was not produced for ProQuest to index."
5850,84-Hhj-t.104,1,"Unpublished: the master field unpublished = 1, meaning a printed transcript was not produced for ProQuest to index."
5851,84-Hhlni-t.100,1,"Unpublished: the master field unpublished = 1, meaning a printed transcript was not produced for ProQuest to index."
5852,84-Hhlni-t.101,1,"Unpublished: the master field unpublished = 1, meaning a printed transcript was not produced for ProQuest to index."
5853,84-Hhlni-t.102,1,"Unpublished: the master field unpublished = 1, meaning a printed transcript was not produced for ProQuest to index."
5854,84-Hhlni-t.103,1,"Unpublished: the master field unpublished = 1, meaning a printed transcript was not produced for ProQuest to index."
5855,84-Hhlni-t.106,1,"Unpublished: the master field unpublished = 1, meaning a printed transcript was not produced for ProQuest to index."
5856,84-Hhlni-t.11,1,"Unpublished: the master field unpublished = 1, meaning a printed transcript was not produced for ProQuest to index."
5857,84-Hhlni-t.110,1,"Unpublished: the master field unpublished = 1, meaning a printed transcript was not produced for ProQuest to index."
5858,84-Hhlni-t.123,1,"Unpublished: the master field unpublished = 1, meaning a printed transcript was not produced for ProQuest to index."
5859,84-Hhlni-t.125,1,"Unpublished: the master field unpublished = 1, meaning a printed transcript was not produced for ProQuest to index."
5860,84-Hhlni-t.13,1,"Unpublished: the master field unpublished = 1, meaning a printed transcript was not produced for ProQuest to index."
5861,84-Hhlni-t.131,1,"Unpublished: the master field unpublished = 1, meaning a printed transcript was not produced for ProQuest to index."
5862,84-Hhlni-t.134,1,"Unpublished: the master field unpublished = 1, meaning a printed transcript was not produced for ProQuest to index."
5863,84-Hhlni-t.135,1,"Unpublished: the master field unpublished = 1, meaning a printed transcript was not produced for ProQuest to index."
5864,84-Hhlni-t.136,1,"Unpublished: the master field unpublished = 1, meaning a printed transcript was not produced for ProQuest to index."
5865,84-Hhlni-t.137,1,"Unpublished: the master field unpublished = 1, meaning a printed transcript was not produced for ProQuest to index."
5866,84-Hhlni-t.138,1,"Unpublished: the master field unpublished = 1, meaning a printed transcript was not produced for ProQuest to index."
5867,84-Hhlni-t.139,1,"Unpublished: the master field unpublished = 1, meaning a printed transcript was not produced for ProQuest to index."
5868,84-Hhlni-t.141,1,"Unpublished: the master field unpublished = 1, meaning a printed transcript was not produced for ProQuest to index."
5869,84-Hhlni-t.142,1,"Unpublished: the master field unpublished = 1, meaning a printed transcript was not produced for ProQuest to index."
5870,84-Hhlni-t.145,1,"Unpublished: the master field unpublished = 1, meaning a printed transcript was not produced for ProQuest to index."
5871,84-Hhlni-t.149,1,"Unpublished: the master field unpublished = 1, meaning a printed transcript was not produced for ProQuest to index."
5872,84-Hhlni-t.150,1,"Unpublished: the master field unpublished = 1, meaning a printed transcript was not produced for ProQuest to index."
5873,84-Hhlni-t.151,1,"Unpublished: the master field unpublished = 1, meaning a printed transcript was not produced for ProQuest to index."
5874,84-Hhlni-t.156,1,"Unpublished: the master field unpublished = 1, meaning a printed transcript was not produced for ProQuest to index."
5875,84-Hhlni-t.16,1,"Unpublished: the master field unpublished = 1, meaning a printed transcript was not produced for ProQuest to index."
5876,84-Hhlni-t.160,1,"Unpublished: the master field unpublished = 1, meaning a printed transcript was not produced for ProQuest to index."
5877,84-Hhlni-t.161,1,"Unpublished: the master field unpublished = 1, meaning a printed transcript was not produced for ProQuest to index."
5878,84-Hhlni-t.162,1,"Unpublished: the master field unpublished = 1, meaning a printed transcript was not produced for ProQuest to index."
5879,84-Hhlni-t.163,1,"Unpublished: the master field unpublished = 1, meaning a printed transcript was not produced for ProQuest to index."
5880,84-Hhlni-t.164,1,"Unpublished: the master field unpublished = 1, meaning a printed transcript was not produced for ProQuest to index."
5881,84-Hhlni-t.166,1,"Unpublished: the master field unpublished = 1, meaning a printed transcript was not produced for ProQuest to index."
5882,84-Hhlni-t.167,1,"Unpublished: the master field unpublished = 1, meaning a printed transcript was not produced for ProQuest to index."
5883,84-Hhlni-t.168,1,"Unpublished: the master field unpublished = 1, meaning a printed transcript was not produced for ProQuest to index."
5884,84-Hhlni-t.169,1,"Unpublished: the master field unpublished = 1, meaning a printed transcript was not produced for ProQuest to index."
5885,84-Hhlni-t.17,1,"Unpublished: the master field unpublished = 1, meaning a printed transcript was not produced for ProQuest to index."
5886,84-Hhlni-t.170,1,"Unpublished: the master field unpublished = 1, meaning a printed transcript was not produced for ProQuest to index."
5887,84-Hhlni-t.171,1,"Unpublished: the master field unpublished = 1, meaning a printed transcript was not produced for ProQuest to index."
5888,84-Hhlni-t.172,1,"Unpublished: the master field unpublished = 1, meaning a printed transcript was not produced for ProQuest to index."
5889,84-Hhlni-t.173,1,"Unpublished: the master field unpublished = 1, meaning a printed transcript was not produced for ProQuest to index."
5890,84-Hhlni-t.18,1,"Unpublished: the master field unpublished = 1, meaning a printed transcript was not produced for ProQuest to index."
5891,84-Hhlni-t.182,1,"Unpublished: the master field unpublished = 1, meaning a printed transcript was not produced for ProQuest to index."
5892,84-Hhlni-t.183,1,"Unpublished: the master field unpublished = 1, meaning a printed transcript was not produced for ProQuest to index."
5893,84-Hhlni-t.184,1,"Unpublished: the master field unpublished = 1, meaning a printed transcript was not produced for ProQuest to index."
5894,84-Hhlni-t.186,1,"Unpublished: the master field unpublished = 1, meaning a printed transcript was not produced for ProQuest to index."
5895,84-Hhlni-t.19,1,"Unpublished: the master field unpublished = 1, meaning a printed transcript was not produced for ProQuest to index."
5896,84-Hhlni-t.190,1,"Unpublished: the master field unpublished = 1, meaning a printed transcript was not produced for ProQuest to index."
5897,84-Hhlni-t.191,1,"Unpublished: the master field unpublished = 1, meaning a printed transcript was not produced for ProQuest to index."
5898,84-Hhlni-t.194,1,"Unpublished: the master field unpublished = 1, meaning a printed transcript was not produced for ProQuest to index."
5899,84-Hhlni-t.198,1,"Unpublished: the master field unpublished = 1, meaning a printed transcript was not produced for ProQuest to index."
5900,84-Hhlni-t.201,1,"Unpublished: the master field unpublished = 1, meaning a printed transcript was not produced for ProQuest to index."
5901,84-Hhlni-t.202,1,"Unpublished: the master field unpublished = 1, meaning a printed transcript was not produced for ProQuest to index."
5902,84-Hhlni-t.203,1,"Unpublished: the master field unpublished = 1, meaning a printed transcript was not produced for ProQuest to index."
5903,84-Hhlni-t.210,1,"Unpublished: the master field unpublished = 1, meaning a printed transcript was not produced for ProQuest to index."
5904,84-Hhlni-t.211,1,"Unpublished: the master field unpublished = 1, meaning a printed transcript was not produced for ProQuest to index."
5905,84-Hhlni-t.216,1,"Unpublished: the master field unpublished = 1, meaning a printed transcript was not produced for ProQuest to index."
5906,84-Hhlni-t.221,1,"Unpublished: the master field unpublished = 1, meaning a printed transcript was not produced for ProQuest to index."
5907,84-Hhlni-t.222,1,"Unpublished: the master field unpublished = 1, meaning a printed transcript was not produced for ProQuest to index."
5908,84-Hhlni-t.223,1,"Unpublished: the master field unpublished = 1, meaning a printed transcript was not produced for ProQuest to index."
5909,84-Hhlni-t.229,1,"Unpublished: the master field unpublished = 1, meaning a printed transcript was not produced for ProQuest to index."
5910,84-Hhlni-t.23,1,"Unpublished: the master field unpublished = 1, meaning a printed transcript was not produced for ProQuest to index."
5911,84-Hhlni-t.232,1,"Unpublished: the master field unpublished = 1, meaning a printed transcript was not produced for ProQuest to index."
5912,84-Hhlni-t.235,1,"Unpublished: the master field unpublished = 1, meaning a printed transcript was not produced for ProQuest to index."
5913,84-Hhlni-t.236,1,"Unpublished: the master field unpublished = 1, meaning a printed transcript was not produced for ProQuest to index."
5914,84-Hhlni-t.239,1,"Unpublished: the master field unpublished = 1, meaning a printed transcript was not produced for ProQuest to index."
5915,84-Hhlni-t.247,1,"Unpublished: the master field unpublished = 1, meaning a printed transcript was not produced for ProQuest to index."
5916,84-Hhlni-t.248,1,"Unpublished: the master field unpublished = 1, meaning a printed transcript was not produced for ProQuest to index."
5917,84-Hhlni-t.249,1,"Unpublished: the master field unpublished = 1, meaning a printed transcript was not produced for ProQuest to index."
5918,84-Hhlni-t.25,1,"Unpublished: the master field unpublished = 1, meaning a printed transcript was not produced for ProQuest to index."
5919,84-Hhlni-t.258,1,"Unpublished: the master field unpublished = 1, meaning a printed transcript was not produced for ProQuest to index."
5920,84-Hhlni-t.26,1,"Unpublished: the master field unpublished = 1, meaning a printed transcript was not produced for ProQuest to index."
5921,84-Hhlni-t.261,1,"Unpublished: the master field unpublished = 1, meaning a printed transcript was not produced for ProQuest to index."
5922,84-Hhlni-t.264,1,"Unpublished: the master field unpublished = 1, meaning a printed transcript was not produced for ProQuest to index."
5923,84-Hhlni-t.265,1,"Unpublished: the master field unpublished = 1, meaning a printed transcript was not produced for ProQuest to index."
5924,84-Hhlni-t.27,1,"Unpublished: the master field unpublished = 1, meaning a printed transcript was not produced for ProQuest to index."
5925,84-Hhlni-t.274,1,"Unpublished: the master field unpublished = 1, meaning a printed transcript was not produced for ProQuest to index."
5926,84-Hhlni-t.283,1,"Unpublished: the master field unpublished = 1, meaning a printed transcript was not produced for ProQuest to index."
5927,84-Hhlni-t.284,1,"Unpublished: the master field unpublished = 1, meaning a printed transcript was not produced for ProQuest to index."
5928,84-Hhlni-t.288,1,"Unpublished: the master field unpublished = 1, meaning a printed transcript was not produced for ProQuest to index."
5929,84-Hhlni-t.289,1,"Unpublished: the master field unpublished = 1, meaning a printed transcript was not produced for ProQuest to index."
5930,84-Hhlni-t.290,1,"Unpublished: the master field unpublished = 1, meaning a printed transcript was not produced for ProQuest to index."
5931,84-Hhlni-t.293,1,"Unpublished: the master field unpublished = 1, meaning a printed transcript was not produced for ProQuest to index."
5932,84-Hhlni-t.295,1,"Unpublished: the master field unpublished = 1, meaning a printed transcript was not produced for ProQuest to index."
5933,84-Hhlni-t.296,1,"Unpublished: the master field unpublished = 1, meaning a printed transcript was not produced for ProQuest to index."
5934,84-Hhlni-t.297,1,"Unpublished: the master field unpublished = 1, meaning a printed transcript was not produced for ProQuest to index."
5935,84-Hhlni-t.298,1,"Unpublished: the master field unpublished = 1, meaning a printed transcript was not produced for ProQuest to index."
5936,84-Hhlni-t.299,1,"Unpublished: the master field unpublished = 1, meaning a printed transcript was not produced for ProQuest to index."
5937,84-Hhlni-t.300,1,"Unpublished: the master field unpublished = 1, meaning a printed transcript was not produced for ProQuest to index."
5938,84-Hhlni-t.303,1,"Unpublished: the master field unpublished = 1, meaning a printed transcript was not produced for ProQuest to index."
5939,84-Hhlni-t.304,1,"Unpublished: the master field unpublished = 1, meaning a printed transcript was not produced for ProQuest to index."
5940,84-Hhlni-t.305,1,"Unpublished: the master field unpublished = 1, meaning a printed transcript was not produced for ProQuest to index."
5941,84-Hhlni-t.307,1,"Unpublished: the master field unpublished = 1, meaning a printed transcript was not produced for ProQuest to index."
5942,84-Hhlni-t.308,1,"Unpublished: the master field unpublished = 1, meaning a printed transcript was not produced for ProQuest to index."
5943,84-Hhlni-t.313,1,"Unpublished: the master field unpublished = 1, meaning a printed transcript was not produced for ProQuest to index."
5944,84-Hhlni-t.314,1,"Unpublished: the master field unpublished = 1, meaning a printed transcript was not produced for ProQuest to index."
5945,84-Hhlni-t.315,1,"Unpublished: the master field unpublished = 1, meaning a printed transcript was not produced for ProQuest to index."
5946,84-Hhlni-t.316,1,"Unpublished: the master field unpublished = 1, meaning a printed transcript was not produced for ProQuest to index."
5947,84-Hhlni-t.320,1,"Unpublished: the master field unpublished = 1, meaning a printed transcript was not produced for ProQuest to index."
5948,84-Hhlni-t.321,1,"Unpublished: the master field unpublished = 1, meaning a printed transcript was not produced for ProQuest to index."
5949,84-Hhlni-t.324,1,"Unpublished: the master field unpublished = 1, meaning a printed transcript was not produced for ProQuest to index."
5950,84-Hhlni-t.332,1,"Unpublished: the master field unpublished = 1, meaning a printed transcript was not produced for ProQuest to index."
5951,84-Hhlni-t.347,1,"Unpublished: the master field unpublished = 1, meaning a printed transcript was not produced for ProQuest to index."
5952,84-Hhlni-t.348,1,"Unpublished: the master field unpublished = 1, meaning a printed transcript was not produced for ProQuest to index."
5953,84-Hhlni-t.35,1,"Unpublished: the master field unpublished = 1, meaning a printed transcript was not produced for ProQuest to index."
5954,84-Hhlni-t.354,1,"Unpublished: the master field unpublished = 1, meaning a printed transcript was not produced for ProQuest to index."
5955,84-Hhlni-t.356,1,"Unpublished: the master field unpublished = 1, meaning a printed transcript was not produced for ProQuest to index."
5956,84-Hhlni-t.360,1,"Unpublished: the master field unpublished = 1, meaning a printed transcript was not produced for ProQuest to index."
5957,84-Hhlni-t.363,1,"Unpublished: the master field unpublished = 1, meaning a printed transcript was not produced for ProQuest to index."
5958,84-Hhlni-t.364,1,"Unpublished: the master field unpublished = 1, meaning a printed transcript was not produced for ProQuest to index."
5959,84-Hhlni-t.365,1,"Unpublished: the master field unpublished = 1, meaning a printed transcript was not produced for ProQuest to index."
5960,84-Hhlni-t.366,1,"Unpublished: the master field unpublished = 1, meaning a printed transcript was not produced for ProQuest to index."
5961,84-Hhlni-t.367,1,"Unpublished: the master field unpublished = 1, meaning a printed transcript was not produced for ProQuest to index."
5962,84-Hhlni-t.37,1,"Unpublished: the master field unpublished = 1, meaning a printed transcript was not produced for ProQuest to index."
5963,84-Hhlni-t.378,1,"Unpublished: the master field unpublished = 1, meaning a printed transcript was not produced for ProQuest to index."
5964,84-Hhlni-t.379,1,"Unpublished: the master field unpublished = 1, meaning a printed transcript was not produced for ProQuest to index."
5965,84-Hhlni-t.38,1,"Unpublished: the master field unpublished = 1, meaning a printed transcript was not produced for ProQuest to index."
5966,84-Hhlni-t.382,1,"Unpublished: the master field unpublished = 1, meaning a printed transcript was not produced for ProQuest to index."
5967,84-Hhlni-t.384,1,"Unpublished: the master field unpublished = 1, meaning a printed transcript was not produced for ProQuest to index."
5968,84-Hhlni-t.385,1,"Unpublished: the master field unpublished = 1, meaning a printed transcript was not produced for ProQuest to index."
5969,84-Hhlni-t.386,1,"Unpublished: the master field unpublished = 1, meaning a printed transcript was not produced for ProQuest to index."
5970,84-Hhlni-t.388,1,"Unpublished: the master field unpublished = 1, meaning a printed transcript was not produced for ProQuest to index."
5971,84-Hhlni-t.39,1,"Unpublished: the master field unpublished = 1, meaning a printed transcript was not produced for ProQuest to index."
5972,84-Hhlni-t.390,1,"Unpublished: the master field unpublished = 1, meaning a printed transcript was not produced for ProQuest to index."
5973,84-Hhlni-t.391,1,"Unpublished: the master field unpublished = 1, meaning a printed transcript was not produced for ProQuest to index."
5974,84-Hhlni-t.392,1,"Unpublished: the master field unpublished = 1, meaning a printed transcript was not produced for ProQuest to index."
5975,84-Hhlni-t.4,1,"Unpublished: the master field unpublished = 1, meaning a printed transcript was not produced for ProQuest to index."
5976,84-Hhlni-t.40,1,"Unpublished: the master field unpublished = 1, meaning a printed transcript was not produced for ProQuest to index."
5977,84-Hhlni-t.405,1,"Unpublished: the master field unpublished = 1, meaning a printed transcript was not produced for ProQuest to index."
5978,84-Hhlni-t.409,1,"Unpublished: the master field unpublished = 1, meaning a printed transcript was not produced for ProQuest to index."
5979,84-Hhlni-t.41,1,"Unpublished: the master field unpublished = 1, meaning a printed transcript was not produced for ProQuest to index."
5980,84-Hhlni-t.411,1,"Unpublished: the master field unpublished = 1, meaning a printed transcript was not produced for ProQuest to index."
5981,84-Hhlni-t.416,1,"Unpublished: the master field unpublished = 1, meaning a printed transcript was not produced for ProQuest to index."
5982,84-Hhlni-t.420,1,"Unpublished: the master field unpublished = 1, meaning a printed transcript was not produced for ProQuest to index."
5983,84-Hhlni-t.422,1,"Unpublished: the master field unpublished = 1, meaning a printed transcript was not produced for ProQuest to index."
5984,84-Hhlni-t.426,1,"Unpublished: the master field unpublished = 1, meaning a printed transcript was not produced for ProQuest to index."
5985,84-Hhlni-t.427,1,"Unpublished: the master field unpublished = 1, meaning a printed transcript was not produced for ProQuest to index."
5986,84-Hhlni-t.43,1,"Unpublished: the master field unpublished = 1, meaning a printed transcript was not produced for ProQuest to index."
5987,84-Hhlni-t.430,1,"Unpublished: the master field unpublished = 1, meaning a printed transcript was not produced for ProQuest to index."
5988,84-Hhlni-t.434,1,"Unpublished: the master field unpublished = 1, meaning a printed transcript was not produced for ProQuest to index."
5989,84-Hhlni-t.436,1,"Unpublished: the master field unpublished = 1, meaning a printed transcript was not produced for ProQuest to index."
5990,84-Hhlni-t.437,1,"Unpublished: the master field unpublished = 1, meaning a printed transcript was not produced for ProQuest to index."
5991,84-Hhlni-t.444,1,"Unpublished: the master field unpublished = 1, meaning a printed transcript was not produced for ProQuest to index."
5992,84-Hhlni-t.448,1,"Unpublished: the master field unpublished = 1, meaning a printed transcript was not produced for ProQuest to index."
5993,84-Hhlni-t.49,1,"Unpublished: the master field unpublished = 1, meaning a printed transcript was not produced for ProQuest to index."
5994,84-Hhlni-t.5,1,"Unpublished: the master field unpublished = 1, meaning a printed transcript was not produced for ProQuest to index."
5995,84-Hhlni-t.50,1,"Unpublished: the master field unpublished = 1, meaning a printed transcript was not produced for ProQuest to index."
5996,84-Hhlni-t.51,1,"Unpublished: the master field unpublished = 1, meaning a printed transcript was not produced for ProQuest to index."
5997,84-Hhlni-t.52,1,"Unpublished: the master field unpublished = 1, meaning a printed transcript was not produced for ProQuest to index."
5998,84-Hhlni-t.53,1,"Unpublished: the master field unpublished = 1, meaning a printed transcript was not produced for ProQuest to index."
5999,84-Hhlni-t.55,1,"Unpublished: the master field unpublished = 1, meaning a printed transcript was not produced for ProQuest to index."
6000,84-Hhlni-t.6,1,"Unpublished: the master field unpublished = 1, meaning a printed transcript was not produced for ProQuest to index."
6001,84-Hhlni-t.63,1,"Unpublished: the master field unpublished = 1, meaning a printed transcript was not produced for ProQuest to index."
6002,84-Hhlni-t.65,1,"Unpublished: the master field unpublished = 1, meaning a printed transcript was not produced for ProQuest to index."
6003,84-Hhlni-t.66,1,"Unpublished: the master field unpublished = 1, meaning a printed transcript was not produced for ProQuest to index."
6004,84-Hhlni-t.67,1,"Unpublished: the master field unpublished = 1, meaning a printed transcript was not produced for ProQuest to index."
6005,84-Hhlni-t.68,1,"Unpublished: the master field unpublished = 1, meaning a printed transcript was not produced for ProQuest to index."
6006,84-Hhlni-t.7,1,"Unpublished: the master field unpublished = 1, meaning a printed transcript was not produced for ProQuest to index."
6007,84-Hhlni-t.72,1,"Unpublished: the master field unpublished = 1, meaning a printed transcript was not produced for ProQuest to index."
6008,84-Hhlni-t.79,1,"Unpublished: the master field unpublished = 1, meaning a printed transcript was not produced for ProQuest to index."
6009,84-Hhlni-t.80,1,"Unpublished: the master field unpublished = 1, meaning a printed transcript was not produced for ProQuest to index."
6010,84-Hhlni-t.82,1,"Unpublished: the master field unpublished = 1, meaning a printed transcript was not produced for ProQuest to index."
6011,84-Hhlni-t.83,1,"Unpublished: the master field unpublished = 1, meaning a printed transcript was not produced for ProQuest to index."
6012,84-Hhlni-t.84,1,"Unpublished: the master field unpublished = 1, meaning a printed transcript was not produced for ProQuest to index."
6013,84-Hhlni-t.87,1,"Unpublished: the master field unpublished = 1, meaning a printed transcript was not produced for ProQuest to index."
6014,84-Hhlni-t.88,1,"Unpublished: the master field unpublished = 1, meaning a printed transcript was not produced for ProQuest to index."
6015,84-Hhlni-t.90,1,"Unpublished: the master field unpublished = 1, meaning a printed transcript was not produced for ProQuest to index."
6016,84-Hhlni-t.91,1,"Unpublished: the master field unpublished = 1, meaning a printed transcript was not produced for ProQuest to index."
6017,84-Hhlni-t.92,1,"Unpublished: the master field unpublished = 1, meaning a printed transcript was not produced for ProQuest to index."
6018,84-Hhlni-t.95,1,"Unpublished: the master field unpublished = 1, meaning a printed transcript was not produced for ProQuest to index."
6019,84-Hhlni-t.99,1,"Unpublished: the master field unpublished = 1, meaning a printed transcript was not produced for ProQuest to index."
6020,84-Hhme-2,4,"Other: no permalink was found, but the record is not unpublished, is not missing a title, and is not Joint Committee on Atomic Energy."
6021,84-Hhme-t.21,1,"Unpublished: the master field unpublished = 1, meaning a printed transcript was not produced for ProQuest to index."
6022,84-Hhme-t.35,1,"Unpublished: the master field unpublished = 1, meaning a printed transcript was not produced for ProQuest to index."
6023,84-Hhru-t.1,1,"Unpublished: the master field unpublished = 1, meaning a printed transcript was not produced for ProQuest to index."
6024,84-J1147-3,3,Joint Committee on Atomic Energy: the master metadata identifies a joint committee record with committee1 = 308.
6025,84-J1147-4,3,Joint Committee on Atomic Energy: the master metadata identifies a joint committee record with committee1 = 308.
6026,84-J1147-5,3,Joint Committee on Atomic Energy: the master metadata identifies a joint committee record with committee1 = 308.
6027,84-J1178-4,3,Joint Committee on Atomic Energy: the master metadata identifies a joint committee record with committee1 = 308.
6028,84-J1178-5,3,Joint Committee on Atomic Energy: the master metadata identifies a joint committee record with committee1 = 308.
6029,84-J1178-6,3,Joint Committee on Atomic Energy: the master metadata identifies a joint committee record with committee1 = 308.
6030,84-J1197-2,3,Joint Committee on Atomic Energy: the master metadata identifies a joint committee record with committee1 = 308.
6031,84-Jj-1,3,Joint Committee on Atomic Energy: the master metadata identifies a joint committee record with committee1 = 308.
6032,84-Jjato-t.18,1,"Unpublished: the master field unpublished = 1, meaning a printed transcript was not produced for ProQuest to index."
6033,84-Jjato-t.2,1,"Unpublished: the master field unpublished = 1, meaning a printed transcript was not produced for ProQuest to index."
6034,84-Jjato-t.23,1,"Unpublished: the master field unpublished = 1, meaning a printed transcript was not produced for ProQuest to index."
6035,84-Jjato-t.24,1,"Unpublished: the master field unpublished = 1, meaning a printed transcript was not produced for ProQuest to index."
6036,84-Jjato-t.25,1,"Unpublished: the master field unpublished = 1, meaning a printed transcript was not produced for ProQuest to index."
6037,84-Jjato-t.30,1,"Unpublished: the master field unpublished = 1, meaning a printed transcript was not produced for ProQuest to index."
6038,84-Jjato-t.31,1,"Unpublished: the master field unpublished = 1, meaning a printed transcript was not produced for ProQuest to index."
6039,84-Jjato-t.35,1,"Unpublished: the master field unpublished = 1, meaning a printed transcript was not produced for ProQuest to index."
6040,84-Jjato-t.38,1,"Unpublished: the master field unpublished = 1, meaning a printed transcript was not produced for ProQuest to index."
6041,84-Jjato-t.41,1,"Unpublished: the master field unpublished = 1, meaning a printed transcript was not produced for ProQuest to index."
6042,84-Jjato-t.43,1,"Unpublished: the master field unpublished = 1, meaning a printed transcript was not produced for ProQuest to index."
6043,84-Jjato-t.45,1,"Unpublished: the master field unpublished = 1, meaning a printed transcript was not produced for ProQuest to index."
6044,84-Jjato-t.7,1,"Unpublished: the master field unpublished = 1, meaning a printed transcript was not produced for ProQuest to index."
6045,84-Jjato-t.8,1,"Unpublished: the master field unpublished = 1, meaning a printed transcript was not produced for ProQuest to index."
6046,84-Jjato-t.9,1,"Unpublished: the master field unpublished = 1, meaning a printed transcript was not produced for ProQuest to index."
6155,84-Ssag-1,4,"Other: no permalink was found, but the record is not unpublished, is not missing a title, and is not Joint Committee on Atomic Energy."
6156,84-Ssd-1,4,"Other: no permalink was found, but the record is not unpublished, is not missing a title, and is not Joint Committee on Atomic Energy."
6157,84-Ssd-t.1,1,"Unpublished: the master field unpublished = 1, meaning a printed transcript was not produced for ProQuest to index."
6158,84-Ssfo-t.61,1,"Unpublished: the master field unpublished = 1, meaning a printed transcript was not produced for ProQuest to index."
6159,84-Ssini-t.100,1,"Unpublished: the master field unpublished = 1, meaning a printed transcript was not produced for ProQuest to index."
6160,84-Ssini-t.103,1,"Unpublished: the master field unpublished = 1, meaning a printed transcript was not produced for ProQuest to index."
6161,84-Ssini-t.104,1,"Unpublished: the master field unpublished = 1, meaning a printed transcript was not produced for ProQuest to index."
6162,84-Ssini-t.114,1,"Unpublished: the master field unpublished = 1, meaning a printed transcript was not produced for ProQuest to index."
6163,84-Ssini-t.12,1,"Unpublished: the master field unpublished = 1, meaning a printed transcript was not produced for ProQuest to index."
6164,84-Ssini-t.14,1,"Unpublished: the master field unpublished = 1, meaning a printed transcript was not produced for ProQuest to index."
6165,84-Ssini-t.16,1,"Unpublished: the master field unpublished = 1, meaning a printed transcript was not produced for ProQuest to index."
6166,84-Ssini-t.19,1,"Unpublished: the master field unpublished = 1, meaning a printed transcript was not produced for ProQuest to index."
6167,84-Ssini-t.22,1,"Unpublished: the master field unpublished = 1, meaning a printed transcript was not produced for ProQuest to index."
6168,84-Ssini-t.24,1,"Unpublished: the master field unpublished = 1, meaning a printed transcript was not produced for ProQuest to index."
6169,84-Ssini-t.26,1,"Unpublished: the master field unpublished = 1, meaning a printed transcript was not produced for ProQuest to index."
6170,84-Ssini-t.27,1,"Unpublished: the master field unpublished = 1, meaning a printed transcript was not produced for ProQuest to index."
6171,84-Ssini-t.28,1,"Unpublished: the master field unpublished = 1, meaning a printed transcript was not produced for ProQuest to index."
6172,84-Ssini-t.29,1,"Unpublished: the master field unpublished = 1, meaning a printed transcript was not produced for ProQuest to index."
6173,84-Ssini-t.30,1,"Unpublished: the master field unpublished = 1, meaning a printed transcript was not produced for ProQuest to index."
6174,84-Ssini-t.31,1,"Unpublished: the master field unpublished = 1, meaning a printed transcript was not produced for ProQuest to index."
6175,84-Ssini-t.32,1,"Unpublished: the master field unpublished = 1, meaning a printed transcript was not produced for ProQuest to index."
6176,84-Ssini-t.34,1,"Unpublished: the master field unpublished = 1, meaning a printed transcript was not produced for ProQuest to index."
6177,84-Ssini-t.35,1,"Unpublished: the master field unpublished = 1, meaning a printed transcript was not produced for ProQuest to index."
6178,84-Ssini-t.36,1,"Unpublished: the master field unpublished = 1, meaning a printed transcript was not produced for ProQuest to index."
6179,84-Ssini-t.37,1,"Unpublished: the master field unpublished = 1, meaning a printed transcript was not produced for ProQuest to index."
6180,84-Ssini-t.38,1,"Unpublished: the master field unpublished = 1, meaning a printed transcript was not produced for ProQuest to index."
6181,84-Ssini-t.41,1,"Unpublished: the master field unpublished = 1, meaning a printed transcript was not produced for ProQuest to index."
6182,84-Ssini-t.5,1,"Unpublished: the master field unpublished = 1, meaning a printed transcript was not produced for ProQuest to index."
6183,84-Ssini-t.50,1,"Unpublished: the master field unpublished = 1, meaning a printed transcript was not produced for ProQuest to index."
6184,84-Ssini-t.59,1,"Unpublished: the master field unpublished = 1, meaning a printed transcript was not produced for ProQuest to index."
6185,84-Ssini-t.60,1,"Unpublished: the master field unpublished = 1, meaning a printed transcript was not produced for ProQuest to index."
6186,84-Ssini-t.66,1,"Unpublished: the master field unpublished = 1, meaning a printed transcript was not produced for ProQuest to index."
6187,84-Ssini-t.67,1,"Unpublished: the master field unpublished = 1, meaning a printed transcript was not produced for ProQuest to index."
6188,84-Ssini-t.79,1,"Unpublished: the master field unpublished = 1, meaning a printed transcript was not produced for ProQuest to index."
6189,84-Ssini-t.81,1,"Unpublished: the master field unpublished = 1, meaning a printed transcript was not produced for ProQuest to index."
6190,84-Ssini-t.82,1,"Unpublished: the master field unpublished = 1, meaning a printed transcript was not produced for ProQuest to index."
6191,84-Ssini-t.89,1,"Unpublished: the master field unpublished = 1, meaning a printed transcript was not produced for ProQuest to index."
6192,84-Sslni-1,2,"Incomplete/not-found record: unpublished is not 1, but the master hearing title is blank."
6193,84-Sslni-2,2,"Incomplete/not-found record: unpublished is not 1, but the master hearing title is blank."
6205,85-H161-31,2,"Incomplete/not-found record: unpublished is not 1, but the master hearing title is blank."
6272,85-H361-57,2,"Incomplete/not-found record: unpublished is not 1, but the master hearing title is blank."
6323,85-H441-20,2,"Incomplete/not-found record: unpublished is not 1, but the master hearing title is blank."
6376,85-Hhgov-t.4,1,"Unpublished: the master field unpublished = 1, meaning a printed transcript was not produced for ProQuest to index."
6377,85-Hhgov-t.50,1,"Unpublished: the master field unpublished = 1, meaning a printed transcript was not produced for ProQuest to index."
6378,85-Hhj-t.475,1,"Unpublished: the master field unpublished = 1, meaning a printed transcript was not produced for ProQuest to index."
6379,85-Hhj-t.522,1,"Unpublished: the master field unpublished = 1, meaning a printed transcript was not produced for ProQuest to index."
6380,85-Hhj-t.543,1,"Unpublished: the master field unpublished = 1, meaning a printed transcript was not produced for ProQuest to index."
6381,85-Hhlni-t.1,1,"Unpublished: the master field unpublished = 1, meaning a printed transcript was not produced for ProQuest to index."
6382,85-Hhlni-t.103,1,"Unpublished: the master field unpublished = 1, meaning a printed transcript was not produced for ProQuest to index."
6383,85-Hhlni-t.120,1,"Unpublished: the master field unpublished = 1, meaning a printed transcript was not produced for ProQuest to index."
6384,85-Hhlni-t.128,1,"Unpublished: the master field unpublished = 1, meaning a printed transcript was not produced for ProQuest to index."
6385,85-Hhlni-t.129,1,"Unpublished: the master field unpublished = 1, meaning a printed transcript was not produced for ProQuest to index."
6386,85-Hhlni-t.130,1,"Unpublished: the master field unpublished = 1, meaning a printed transcript was not produced for ProQuest to index."
6387,85-Hhlni-t.131,1,"Unpublished: the master field unpublished = 1, meaning a printed transcript was not produced for ProQuest to index."
6388,85-Hhlni-t.135,1,"Unpublished: the master field unpublished = 1, meaning a printed transcript was not produced for ProQuest to index."
6389,85-Hhlni-t.136,1,"Unpublished: the master field unpublished = 1, meaning a printed transcript was not produced for ProQuest to index."
6390,85-Hhlni-t.137,1,"Unpublished: the master field unpublished = 1, meaning a printed transcript was not produced for ProQuest to index."
6391,85-Hhlni-t.138,1,"Unpublished: the master field unpublished = 1, meaning a printed transcript was not produced for ProQuest to index."
6392,85-Hhlni-t.139,1,"Unpublished: the master field unpublished = 1, meaning a printed transcript was not produced for ProQuest to index."
6393,85-Hhlni-t.140,1,"Unpublished: the master field unpublished = 1, meaning a printed transcript was not produced for ProQuest to index."
6394,85-Hhlni-t.141,1,"Unpublished: the master field unpublished = 1, meaning a printed transcript was not produced for ProQuest to index."
6395,85-Hhlni-t.149,1,"Unpublished: the master field unpublished = 1, meaning a printed transcript was not produced for ProQuest to index."
6396,85-Hhlni-t.153,1,"Unpublished: the master field unpublished = 1, meaning a printed transcript was not produced for ProQuest to index."
6397,85-Hhlni-t.154,1,"Unpublished: the master field unpublished = 1, meaning a printed transcript was not produced for ProQuest to index."
6398,85-Hhlni-t.155,1,"Unpublished: the master field unpublished = 1, meaning a printed transcript was not produced for ProQuest to index."
6399,85-Hhlni-t.156,1,"Unpublished: the master field unpublished = 1, meaning a printed transcript was not produced for ProQuest to index."
6400,85-Hhlni-t.160,1,"Unpublished: the master field unpublished = 1, meaning a printed transcript was not produced for ProQuest to index."
6401,85-Hhlni-t.162,1,"Unpublished: the master field unpublished = 1, meaning a printed transcript was not produced for ProQuest to index."
6402,85-Hhlni-t.163,1,"Unpublished: the master field unpublished = 1, meaning a printed transcript was not produced for ProQuest to index."
6403,85-Hhlni-t.164,1,"Unpublished: the master field unpublished = 1, meaning a printed transcript was not produced for ProQuest to index."
6404,85-Hhlni-t.165,1,"Unpublished: the master field unpublished = 1, meaning a printed transcript was not produced for ProQuest to index."
6405,85-Hhlni-t.166,1,"Unpublished: the master field unpublished = 1, meaning a printed transcript was not produced for ProQuest to index."
6406,85-Hhlni-t.167,1,"Unpublished: the master field unpublished = 1, meaning a printed transcript was not produced for ProQuest to index."
6407,85-Hhlni-t.168,1,"Unpublished: the master field unpublished = 1, meaning a printed transcript was not produced for ProQuest to index."
6408,85-Hhlni-t.171,1,"Unpublished: the master field unpublished = 1, meaning a printed transcript was not produced for ProQuest to index."
6409,85-Hhlni-t.174,1,"Unpublished: the master field unpublished = 1, meaning a printed transcript was not produced for ProQuest to index."
6410,85-Hhlni-t.177,1,"Unpublished: the master field unpublished = 1, meaning a printed transcript was not produced for ProQuest to index."
6411,85-Hhlni-t.180,1,"Unpublished: the master field unpublished = 1, meaning a printed transcript was not produced for ProQuest to index."
6412,85-Hhlni-t.185,1,"Unpublished: the master field unpublished = 1, meaning a printed transcript was not produced for ProQuest to index."
6413,85-Hhlni-t.186,1,"Unpublished: the master field unpublished = 1, meaning a printed transcript was not produced for ProQuest to index."
6414,85-Hhlni-t.187,1,"Unpublished: the master field unpublished = 1, meaning a printed transcript was not produced for ProQuest to index."
6415,85-Hhlni-t.188,1,"Unpublished: the master field unpublished = 1, meaning a printed transcript was not produced for ProQuest to index."
6416,85-Hhlni-t.189,1,"Unpublished: the master field unpublished = 1, meaning a printed transcript was not produced for ProQuest to index."
6417,85-Hhlni-t.192,1,"Unpublished: the master field unpublished = 1, meaning a printed transcript was not produced for ProQuest to index."
6418,85-Hhlni-t.196,1,"Unpublished: the master field unpublished = 1, meaning a printed transcript was not produced for ProQuest to index."
6419,85-Hhlni-t.197,1,"Unpublished: the master field unpublished = 1, meaning a printed transcript was not produced for ProQuest to index."
6420,85-Hhlni-t.198,1,"Unpublished: the master field unpublished = 1, meaning a printed transcript was not produced for ProQuest to index."
6421,85-Hhlni-t.201,1,"Unpublished: the master field unpublished = 1, meaning a printed transcript was not produced for ProQuest to index."
6422,85-Hhlni-t.202,1,"Unpublished: the master field unpublished = 1, meaning a printed transcript was not produced for ProQuest to index."
6423,85-Hhlni-t.203,1,"Unpublished: the master field unpublished = 1, meaning a printed transcript was not produced for ProQuest to index."
6424,85-Hhlni-t.215,1,"Unpublished: the master field unpublished = 1, meaning a printed transcript was not produced for ProQuest to index."
6425,85-Hhlni-t.216,1,"Unpublished: the master field unpublished = 1, meaning a printed transcript was not produced for ProQuest to index."
6426,85-Hhlni-t.217,1,"Unpublished: the master field unpublished = 1, meaning a printed transcript was not produced for ProQuest to index."
6427,85-Hhlni-t.229,1,"Unpublished: the master field unpublished = 1, meaning a printed transcript was not produced for ProQuest to index."
6428,85-Hhlni-t.231,1,"Unpublished: the master field unpublished = 1, meaning a printed transcript was not produced for ProQuest to index."
6429,85-Hhlni-t.235,1,"Unpublished: the master field unpublished = 1, meaning a printed transcript was not produced for ProQuest to index."
6430,85-Hhlni-t.245,1,"Unpublished: the master field unpublished = 1, meaning a printed transcript was not produced for ProQuest to index."
6431,85-Hhlni-t.250,1,"Unpublished: the master field unpublished = 1, meaning a printed transcript was not produced for ProQuest to index."
6432,85-Hhlni-t.254,1,"Unpublished: the master field unpublished = 1, meaning a printed transcript was not produced for ProQuest to index."
6433,85-Hhlni-t.257,1,"Unpublished: the master field unpublished = 1, meaning a printed transcript was not produced for ProQuest to index."
6434,85-Hhlni-t.258,1,"Unpublished: the master field unpublished = 1, meaning a printed transcript was not produced for ProQuest to index."
6435,85-Hhlni-t.259,1,"Unpublished: the master field unpublished = 1, meaning a printed transcript was not produced for ProQuest to index."
6436,85-Hhlni-t.263,1,"Unpublished: the master field unpublished = 1, meaning a printed transcript was not produced for ProQuest to index."
6437,85-Hhlni-t.264,1,"Unpublished: the master field unpublished = 1, meaning a printed transcript was not produced for ProQuest to index."
6438,85-Hhlni-t.265,1,"Unpublished: the master field unpublished = 1, meaning a printed transcript was not produced for ProQuest to index."
6439,85-Hhlni-t.266,1,"Unpublished: the master field unpublished = 1, meaning a printed transcript was not produced for ProQuest to index."
6440,85-Hhlni-t.270,1,"Unpublished: the master field unpublished = 1, meaning a printed transcript was not produced for ProQuest to index."
6441,85-Hhlni-t.283,1,"Unpublished: the master field unpublished = 1, meaning a printed transcript was not produced for ProQuest to index."
6442,85-Hhlni-t.284,1,"Unpublished: the master field unpublished = 1, meaning a printed transcript was not produced for ProQuest to index."
6443,85-Hhlni-t.290,1,"Unpublished: the master field unpublished = 1, meaning a printed transcript was not produced for ProQuest to index."
6444,85-Hhlni-t.291,1,"Unpublished: the master field unpublished = 1, meaning a printed transcript was not produced for ProQuest to index."
6445,85-Hhlni-t.292,1,"Unpublished: the master field unpublished = 1, meaning a printed transcript was not produced for ProQuest to index."
6446,85-Hhlni-t.293,1,"Unpublished: the master field unpublished = 1, meaning a printed transcript was not produced for ProQuest to index."
6447,85-Hhlni-t.295,1,"Unpublished: the master field unpublished = 1, meaning a printed transcript was not produced for ProQuest to index."
6448,85-Hhlni-t.303,1,"Unpublished: the master field unpublished = 1, meaning a printed transcript was not produced for ProQuest to index."
6449,85-Hhlni-t.306,1,"Unpublished: the master field unpublished = 1, meaning a printed transcript was not produced for ProQuest to index."
6450,85-Hhlni-t.307,1,"Unpublished: the master field unpublished = 1, meaning a printed transcript was not produced for ProQuest to index."
6451,85-Hhlni-t.308,1,"Unpublished: the master field unpublished = 1, meaning a printed transcript was not produced for ProQuest to index."
6452,85-Hhlni-t.32,1,"Unpublished: the master field unpublished = 1, meaning a printed transcript was not produced for ProQuest to index."
6453,85-Hhlni-t.321,1,"Unpublished: the master field unpublished = 1, meaning a printed transcript was not produced for ProQuest to index."
6454,85-Hhlni-t.327,1,"Unpublished: the master field unpublished = 1, meaning a printed transcript was not produced for ProQuest to index."
6455,85-Hhlni-t.328,1,"Unpublished: the master field unpublished = 1, meaning a printed transcript was not produced for ProQuest to index."
6456,85-Hhlni-t.351,1,"Unpublished: the master field unpublished = 1, meaning a printed transcript was not produced for ProQuest to index."
6457,85-Hhlni-t.352,1,"Unpublished: the master field unpublished = 1, meaning a printed transcript was not produced for ProQuest to index."
6458,85-Hhlni-t.353,1,"Unpublished: the master field unpublished = 1, meaning a printed transcript was not produced for ProQuest to index."
6459,85-Hhlni-t.354,1,"Unpublished: the master field unpublished = 1, meaning a printed transcript was not produced for ProQuest to index."
6460,85-Hhlni-t.356,1,"Unpublished: the master field unpublished = 1, meaning a printed transcript was not produced for ProQuest to index."
6461,85-Hhlni-t.357,1,"Unpublished: the master field unpublished = 1, meaning a printed transcript was not produced for ProQuest to index."
6462,85-Hhlni-t.358,1,"Unpublished: the master field unpublished = 1, meaning a printed transcript was not produced for ProQuest to index."
6463,85-Hhlni-t.359,1,"Unpublished: the master field unpublished = 1, meaning a printed transcript was not produced for ProQuest to index."
6464,85-Hhlni-t.370,1,"Unpublished: the master field unpublished = 1, meaning a printed transcript was not produced for ProQuest to index."
6465,85-Hhlni-t.371,1,"Unpublished: the master field unpublished = 1, meaning a printed transcript was not produced for ProQuest to index."
6466,85-Hhlni-t.378,1,"Unpublished: the master field unpublished = 1, meaning a printed transcript was not produced for ProQuest to index."
6467,85-Hhlni-t.384,1,"Unpublished: the master field unpublished = 1, meaning a printed transcript was not produced for ProQuest to index."
6468,85-Hhlni-t.385,1,"Unpublished: the master field unpublished = 1, meaning a printed transcript was not produced for ProQuest to index."
6469,85-Hhlni-t.390,1,"Unpublished: the master field unpublished = 1, meaning a printed transcript was not produced for ProQuest to index."
6470,85-Hhlni-t.392,1,"Unpublished: the master field unpublished = 1, meaning a printed transcript was not produced for ProQuest to index."
6471,85-Hhlni-t.396,1,"Unpublished: the master field unpublished = 1, meaning a printed transcript was not produced for ProQuest to index."
6472,85-Hhlni-t.397,1,"Unpublished: the master field unpublished = 1, meaning a printed transcript was not produced for ProQuest to index."
6473,85-Hhlni-t.40,1,"Unpublished: the master field unpublished = 1, meaning a printed transcript was not produced for ProQuest to index."
6474,85-Hhlni-t.401,1,"Unpublished: the master field unpublished = 1, meaning a printed transcript was not produced for ProQuest to index."
6475,85-Hhlni-t.404,1,"Unpublished: the master field unpublished = 1, meaning a printed transcript was not produced for ProQuest to index."
6476,85-Hhlni-t.405,1,"Unpublished: the master field unpublished = 1, meaning a printed transcript was not produced for ProQuest to index."
6477,85-Hhlni-t.408,1,"Unpublished: the master field unpublished = 1, meaning a printed transcript was not produced for ProQuest to index."
6478,85-Hhlni-t.415,1,"Unpublished: the master field unpublished = 1, meaning a printed transcript was not produced for ProQuest to index."
6479,85-Hhlni-t.418,1,"Unpublished: the master field unpublished = 1, meaning a printed transcript was not produced for ProQuest to index."
6480,85-Hhlni-t.422,1,"Unpublished: the master field unpublished = 1, meaning a printed transcript was not produced for ProQuest to index."
6481,85-Hhlni-t.423,1,"Unpublished: the master field unpublished = 1, meaning a printed transcript was not produced for ProQuest to index."
6482,85-Hhlni-t.424,1,"Unpublished: the master field unpublished = 1, meaning a printed transcript was not produced for ProQuest to index."
6483,85-Hhlni-t.432,1,"Unpublished: the master field unpublished = 1, meaning a printed transcript was not produced for ProQuest to index."
6484,85-Hhlni-t.433,1,"Unpublished: the master field unpublished = 1, meaning a printed transcript was not produced for ProQuest to index."
6485,85-Hhlni-t.434,1,"Unpublished: the master field unpublished = 1, meaning a printed transcript was not produced for ProQuest to index."
6486,85-Hhlni-t.438,1,"Unpublished: the master field unpublished = 1, meaning a printed transcript was not produced for ProQuest to index."
6487,85-Hhlni-t.439,1,"Unpublished: the master field unpublished = 1, meaning a printed transcript was not produced for ProQuest to index."
6488,85-Hhlni-t.44,1,"Unpublished: the master field unpublished = 1, meaning a printed transcript was not produced for ProQuest to index."
6489,85-Hhlni-t.440,1,"Unpublished: the master field unpublished = 1, meaning a printed transcript was not produced for ProQuest to index."
6490,85-Hhlni-t.445,1,"Unpublished: the master field unpublished = 1, meaning a printed transcript was not produced for ProQuest to index."
6491,85-Hhlni-t.448,1,"Unpublished: the master field unpublished = 1, meaning a printed transcript was not produced for ProQuest to index."
6492,85-Hhlni-t.455,1,"Unpublished: the master field unpublished = 1, meaning a printed transcript was not produced for ProQuest to index."
6493,85-Hhlni-t.456,1,"Unpublished: the master field unpublished = 1, meaning a printed transcript was not produced for ProQuest to index."
6494,85-Hhlni-t.457,1,"Unpublished: the master field unpublished = 1, meaning a printed transcript was not produced for ProQuest to index."
6495,85-Hhlni-t.459,1,"Unpublished: the master field unpublished = 1, meaning a printed transcript was not produced for ProQuest to index."
6496,85-Hhlni-t.462,1,"Unpublished: the master field unpublished = 1, meaning a printed transcript was not produced for ProQuest to index."
6497,85-Hhlni-t.47,1,"Unpublished: the master field unpublished = 1, meaning a printed transcript was not produced for ProQuest to index."
6498,85-Hhlni-t.479,1,"Unpublished: the master field unpublished = 1, meaning a printed transcript was not produced for ProQuest to index."
6499,85-Hhlni-t.480,1,"Unpublished: the master field unpublished = 1, meaning a printed transcript was not produced for ProQuest to index."
6500,85-Hhlni-t.481,1,"Unpublished: the master field unpublished = 1, meaning a printed transcript was not produced for ProQuest to index."
6501,85-Hhlni-t.482,1,"Unpublished: the master field unpublished = 1, meaning a printed transcript was not produced for ProQuest to index."
6502,85-Hhlni-t.485,1,"Unpublished: the master field unpublished = 1, meaning a printed transcript was not produced for ProQuest to index."
6503,85-Hhlni-t.486,1,"Unpublished: the master field unpublished = 1, meaning a printed transcript was not produced for ProQuest to index."
6504,85-Hhlni-t.491,1,"Unpublished: the master field unpublished = 1, meaning a printed transcript was not produced for ProQuest to index."
6505,85-Hhlni-t.492,1,"Unpublished: the master field unpublished = 1, meaning a printed transcript was not produced for ProQuest to index."
6506,85-Hhlni-t.493,1,"Unpublished: the master field unpublished = 1, meaning a printed transcript was not produced for ProQuest to index."
6507,85-Hhlni-t.499,1,"Unpublished: the master field unpublished = 1, meaning a printed transcript was not produced for ProQuest to index."
6508,85-Hhlni-t.503,1,"Unpublished: the master field unpublished = 1, meaning a printed transcript was not produced for ProQuest to index."
6509,85-Hhlni-t.504,1,"Unpublished: the master field unpublished = 1, meaning a printed transcript was not produced for ProQuest to index."
6510,85-Hhlni-t.505,1,"Unpublished: the master field unpublished = 1, meaning a printed transcript was not produced for ProQuest to index."
6511,85-Hhlni-t.506,1,"Unpublished: the master field unpublished = 1, meaning a printed transcript was not produced for ProQuest to index."
6512,85-Hhlni-t.510,1,"Unpublished: the master field unpublished = 1, meaning a printed transcript was not produced for ProQuest to index."
6513,85-Hhlni-t.515,1,"Unpublished: the master field unpublished = 1, meaning a printed transcript was not produced for ProQuest to index."
6514,85-Hhlni-t.516,1,"Unpublished: the master field unpublished = 1, meaning a printed transcript was not produced for ProQuest to index."
6515,85-Hhlni-t.517,1,"Unpublished: the master field unpublished = 1, meaning a printed transcript was not produced for ProQuest to index."
6516,85-Hhlni-t.521,1,"Unpublished: the master field unpublished = 1, meaning a printed transcript was not produced for ProQuest to index."
6517,85-Hhlni-t.522,1,"Unpublished: the master field unpublished = 1, meaning a printed transcript was not produced for ProQuest to index."
6518,85-Hhlni-t.523,1,"Unpublished: the master field unpublished = 1, meaning a printed transcript was not produced for ProQuest to index."
6519,85-Hhlni-t.55,1,"Unpublished: the master field unpublished = 1, meaning a printed transcript was not produced for ProQuest to index."
6520,85-Hhlni-t.64,1,"Unpublished: the master field unpublished = 1, meaning a printed transcript was not produced for ProQuest to index."
6521,85-Hhlni-t.68,1,"Unpublished: the master field unpublished = 1, meaning a printed transcript was not produced for ProQuest to index."
6522,85-Hhlni-t.69,1,"Unpublished: the master field unpublished = 1, meaning a printed transcript was not produced for ProQuest to index."
6523,85-Hhlni-t.7,1,"Unpublished: the master field unpublished = 1, meaning a printed transcript was not produced for ProQuest to index."
6524,85-Hhlni-t.70,1,"Unpublished: the master field unpublished = 1, meaning a printed transcript was not produced for ProQuest to index."
6525,85-Hhlni-t.71,1,"Unpublished: the master field unpublished = 1, meaning a printed transcript was not produced for ProQuest to index."
6526,85-Hhlni-t.79,1,"Unpublished: the master field unpublished = 1, meaning a printed transcript was not produced for ProQuest to index."
6527,85-Hhlni-t.81,1,"Unpublished: the master field unpublished = 1, meaning a printed transcript was not produced for ProQuest to index."
6528,85-Hhlni-t.89,1,"Unpublished: the master field unpublished = 1, meaning a printed transcript was not produced for ProQuest to index."
6529,85-Hhlni-t.9,1,"Unpublished: the master field unpublished = 1, meaning a printed transcript was not produced for ProQuest to index."
6530,85-Hhlni-t.93,1,"Unpublished: the master field unpublished = 1, meaning a printed transcript was not produced for ProQuest to index."
6531,85-Hhlni-t.96,1,"Unpublished: the master field unpublished = 1, meaning a printed transcript was not produced for ProQuest to index."
6532,85-Hhme-t.1,1,"Unpublished: the master field unpublished = 1, meaning a printed transcript was not produced for ProQuest to index."
6533,85-Hhme-t.2,1,"Unpublished: the master field unpublished = 1, meaning a printed transcript was not produced for ProQuest to index."
6534,85-Hhme-t.20,1,"Unpublished: the master field unpublished = 1, meaning a printed transcript was not produced for ProQuest to index."
6535,85-Hhme-t.28,1,"Unpublished: the master field unpublished = 1, meaning a printed transcript was not produced for ProQuest to index."
6536,85-Hhme-t.29,1,"Unpublished: the master field unpublished = 1, meaning a printed transcript was not produced for ProQuest to index."
6537,85-Hhme-t.30,1,"Unpublished: the master field unpublished = 1, meaning a printed transcript was not produced for ProQuest to index."
6538,85-Hhme-t.7,1,"Unpublished: the master field unpublished = 1, meaning a printed transcript was not produced for ProQuest to index."
6539,85-Hhme-t.8,1,"Unpublished: the master field unpublished = 1, meaning a printed transcript was not produced for ProQuest to index."
6540,85-J1219-1,3,Joint Committee on Atomic Energy: the master metadata identifies a joint committee record with committee1 = 308.
6541,85-J1219-2,3,Joint Committee on Atomic Energy: the master metadata identifies a joint committee record with committee1 = 308.
6542,85-J1219-4,3,Joint Committee on Atomic Energy: the master metadata identifies a joint committee record with committee1 = 308.
6543,85-J1233-1a,3,Joint Committee on Atomic Energy: the master metadata identifies a joint committee record with committee1 = 308.
6544,85-J1233-1b,3,Joint Committee on Atomic Energy: the master metadata identifies a joint committee record with committee1 = 308.
6545,85-J1249-2,3,Joint Committee on Atomic Energy: the master metadata identifies a joint committee record with committee1 = 308.
6546,85-J1249-3,3,Joint Committee on Atomic Energy: the master metadata identifies a joint committee record with committee1 = 308.
6547,85-J1249-4,3,Joint Committee on Atomic Energy: the master metadata identifies a joint committee record with committee1 = 308.
6548,85-J1249-5,3,Joint Committee on Atomic Energy: the master metadata identifies a joint committee record with committee1 = 308.
6549,85-J1262-3,3,Joint Committee on Atomic Energy: the master metadata identifies a joint committee record with committee1 = 308.
6550,85-J1296-1,3,Joint Committee on Atomic Energy: the master metadata identifies a joint committee record with committee1 = 308.
6551,85-J1296-2,3,Joint Committee on Atomic Energy: the master metadata identifies a joint committee record with committee1 = 308.
6552,85-J1296-3,3,Joint Committee on Atomic Energy: the master metadata identifies a joint committee record with committee1 = 308.
6553,85-J1300-1,3,Joint Committee on Atomic Energy: the master metadata identifies a joint committee record with committee1 = 308.
6554,85-J1300-3,3,Joint Committee on Atomic Energy: the master metadata identifies a joint committee record with committee1 = 308.
6555,85-J1404-2,3,Joint Committee on Atomic Energy: the master metadata identifies a joint committee record with committee1 = 308.
6556,85-Jjato-t.12,1,"Unpublished: the master field unpublished = 1, meaning a printed transcript was not produced for ProQuest to index."
6557,85-Jjato-t.13,1,"Unpublished: the master field unpublished = 1, meaning a printed transcript was not produced for ProQuest to index."
6558,85-Jjato-t.17,1,"Unpublished: the master field unpublished = 1, meaning a printed transcript was not produced for ProQuest to index."
6559,85-Jjato-t.18,1,"Unpublished: the master field unpublished = 1, meaning a printed transcript was not produced for ProQuest to index."
6560,85-Jjato-t.22,1,"Unpublished: the master field unpublished = 1, meaning a printed transcript was not produced for ProQuest to index."
6561,85-Jjato-t.23,1,"Unpublished: the master field unpublished = 1, meaning a printed transcript was not produced for ProQuest to index."
6562,85-Jjato-t.25,1,"Unpublished: the master field unpublished = 1, meaning a printed transcript was not produced for ProQuest to index."
6563,85-Jjato-t.29,1,"Unpublished: the master field unpublished = 1, meaning a printed transcript was not produced for ProQuest to index."
6564,85-Jjato-t.32,1,"Unpublished: the master field unpublished = 1, meaning a printed transcript was not produced for ProQuest to index."
6565,85-Jjato-t.35,1,"Unpublished: the master field unpublished = 1, meaning a printed transcript was not produced for ProQuest to index."
6566,85-Jjato-t.36,1,"Unpublished: the master field unpublished = 1, meaning a printed transcript was not produced for ProQuest to index."
6567,85-Jjato-t.38,1,"Unpublished: the master field unpublished = 1, meaning a printed transcript was not produced for ProQuest to index."
6568,85-Jjato-t.43,1,"Unpublished: the master field unpublished = 1, meaning a printed transcript was not produced for ProQuest to index."
6569,85-Jjato-t.46,1,"Unpublished: the master field unpublished = 1, meaning a printed transcript was not produced for ProQuest to index."
6570,85-Jjato-t.51,1,"Unpublished: the master field unpublished = 1, meaning a printed transcript was not produced for ProQuest to index."
6571,85-Jjato-t.53,1,"Unpublished: the master field unpublished = 1, meaning a printed transcript was not produced for ProQuest to index."
6572,85-Jjato-t.57,1,"Unpublished: the master field unpublished = 1, meaning a printed transcript was not produced for ProQuest to index."
6573,85-Jjato-t.60,1,"Unpublished: the master field unpublished = 1, meaning a printed transcript was not produced for ProQuest to index."
6574,85-Jjato-t.61,1,"Unpublished: the master field unpublished = 1, meaning a printed transcript was not produced for ProQuest to index."
6596,85-S1274-2b,2,"Incomplete/not-found record: unpublished is not 1, but the master hearing title is blank."
6682,85-Ssfo-t.73,1,"Unpublished: the master field unpublished = 1, meaning a printed transcript was not produced for ProQuest to index."
6683,85-Ssfo-t.74,1,"Unpublished: the master field unpublished = 1, meaning a printed transcript was not produced for ProQuest to index."
6684,85-Ssfo-t.80,1,"Unpublished: the master field unpublished = 1, meaning a printed transcript was not produced for ProQuest to index."
6685,85-Ssinf-t.2,1,"Unpublished: the master field unpublished = 1, meaning a printed transcript was not produced for ProQuest to index."
6686,85-Ssini-t.12,1,"Unpublished: the master field unpublished = 1, meaning a printed transcript was not produced for ProQuest to index."
6687,85-Ssini-t.17,1,"Unpublished: the master field unpublished = 1, meaning a printed transcript was not produced for ProQuest to index."
6688,85-Ssini-t.24,1,"Unpublished: the master field unpublished = 1, meaning a printed transcript was not produced for ProQuest to index."
6689,85-Ssini-t.35,1,"Unpublished: the master field unpublished = 1, meaning a printed transcript was not produced for ProQuest to index."
6690,85-Ssini-t.36,1,"Unpublished: the master field unpublished = 1, meaning a printed transcript was not produced for ProQuest to index."
6691,85-Ssini-t.39,1,"Unpublished: the master field unpublished = 1, meaning a printed transcript was not produced for ProQuest to index."
6692,85-Ssini-t.41,1,"Unpublished: the master field unpublished = 1, meaning a printed transcript was not produced for ProQuest to index."
6693,85-Ssini-t.42,1,"Unpublished: the master field unpublished = 1, meaning a printed transcript was not produced for ProQuest to index."
6694,85-Ssini-t.44,1,"Unpublished: the master field unpublished = 1, meaning a printed transcript was not produced for ProQuest to index."
6695,85-Ssini-t.53,1,"Unpublished: the master field unpublished = 1, meaning a printed transcript was not produced for ProQuest to index."
6696,85-Ssini-t.62,1,"Unpublished: the master field unpublished = 1, meaning a printed transcript was not produced for ProQuest to index."
6697,85-Ssini-t.64,1,"Unpublished: the master field unpublished = 1, meaning a printed transcript was not produced for ProQuest to index."
6698,85-Ssini-t.66,1,"Unpublished: the master field unpublished = 1, meaning a printed transcript was not produced for ProQuest to index."
6699,85-Ssini-t.68,1,"Unpublished: the master field unpublished = 1, meaning a printed transcript was not produced for ProQuest to index."
6700,85-Ssini-t.69,1,"Unpublished: the master field unpublished = 1, meaning a printed transcript was not produced for ProQuest to index."
6701,85-Ssini-t.70,1,"Unpublished: the master field unpublished = 1, meaning a printed transcript was not produced for ProQuest to index."
6702,85-Ssini-t.71,1,"Unpublished: the master field unpublished = 1, meaning a printed transcript was not produced for ProQuest to index."
6703,85-Ssini-t.75,1,"Unpublished: the master field unpublished = 1, meaning a printed transcript was not produced for ProQuest to index."
6704,85-Ssini-t.76,1,"Unpublished: the master field unpublished = 1, meaning a printed transcript was not produced for ProQuest to index."
6705,85-Ssini-t.77,1,"Unpublished: the master field unpublished = 1, meaning a printed transcript was not produced for ProQuest to index."
6706,85-Ssini-t.81,1,"Unpublished: the master field unpublished = 1, meaning a printed transcript was not produced for ProQuest to index."
6707,85-Ssini-t.82,1,"Unpublished: the master field unpublished = 1, meaning a printed transcript was not produced for ProQuest to index."
6708,85-Ssini-t.84,1,"Unpublished: the master field unpublished = 1, meaning a printed transcript was not produced for ProQuest to index."
6709,85-Ssini-t.88,1,"Unpublished: the master field unpublished = 1, meaning a printed transcript was not produced for ProQuest to index."
6710,85-Ssini-t.9,1,"Unpublished: the master field unpublished = 1, meaning a printed transcript was not produced for ProQuest to index."
6711,85-Ssj-t.2,1,"Unpublished: the master field unpublished = 1, meaning a printed transcript was not produced for ProQuest to index."
6712,85-Sspw-t.1,1,"Unpublished: the master field unpublished = 1, meaning a printed transcript was not produced for ProQuest to index."
6773,86-H1970-9,2,"Incomplete/not-found record: unpublished is not 1, but the master hearing title is blank."
6861,86-J1317-1,3,Joint Committee on Atomic Energy: the master metadata identifies a joint committee record with committee1 = 308.
6862,86-J1341-5,3,Joint Committee on Atomic Energy: the master metadata identifies a joint committee record with committee1 = 308.
6863,86-J1342-1,3,Joint Committee on Atomic Energy: the master metadata identifies a joint committee record with committee1 = 308.
6864,86-J1343-1a,3,Joint Committee on Atomic Energy: the master metadata identifies a joint committee record with committee1 = 308.
6865,86-J1343-1b,3,Joint Committee on Atomic Energy: the master metadata identifies a joint committee record with committee1 = 308.
6866,86-J1351-2,3,Joint Committee on Atomic Energy: the master metadata identifies a joint committee record with committee1 = 308.
6867,86-J1351-3,3,Joint Committee on Atomic Energy: the master metadata identifies a joint committee record with committee1 = 308.
6868,86-J1351-4,3,Joint Committee on Atomic Energy: the master metadata identifies a joint committee record with committee1 = 308.
6869,86-J1359-5,4,"Other: no permalink was found, but the record is not unpublished, is not missing a title, and is not Joint Committee on Atomic Energy."
6870,86-J1385-3,3,Joint Committee on Atomic Energy: the master metadata identifies a joint committee record with committee1 = 308.
6871,86-J1394-1,3,Joint Committee on Atomic Energy: the master metadata identifies a joint committee record with committee1 = 308.
6872,86-J1404-4,3,Joint Committee on Atomic Energy: the master metadata identifies a joint committee record with committee1 = 308.
6873,86-J1414-7,3,Joint Committee on Atomic Energy: the master metadata identifies a joint committee record with committee1 = 308.
6874,86-J1415-2,3,Joint Committee on Atomic Energy: the master metadata identifies a joint committee record with committee1 = 308.
6875,86-J1415-3,3,Joint Committee on Atomic Energy: the master metadata identifies a joint committee record with committee1 = 308.
6876,86-J1417-1,3,Joint Committee on Atomic Energy: the master metadata identifies a joint committee record with committee1 = 308.
6877,86-J1417-5,3,Joint Committee on Atomic Energy: the master metadata identifies a joint committee record with committee1 = 308.
6964,86-S311-45,2,"Incomplete/not-found record: unpublished is not 1, but the master hearing title is blank."
6991,86-S321-7,2,"Incomplete/not-found record: unpublished is not 1, but the master hearing title is blank."
7005,86-Ssars-t.27,1,"Unpublished: the master field unpublished = 1, meaning a printed transcript was not produced for ProQuest to index."
7006,86-Ssars-t.9,1,"Unpublished: the master field unpublished = 1, meaning a printed transcript was not produced for ProQuest to index."
7007,86-Ssfo-t.18,1,"Unpublished: the master field unpublished = 1, meaning a printed transcript was not produced for ProQuest to index."
7008,86-Ssfo-t.30,1,"Unpublished: the master field unpublished = 1, meaning a printed transcript was not produced for ProQuest to index."
7009,86-Ssinf-t.4,1,"Unpublished: the master field unpublished = 1, meaning a printed transcript was not produced for ProQuest to index."
7010,86-Ssinf-t.7,1,"Unpublished: the master field unpublished = 1, meaning a printed transcript was not produced for ProQuest to index."
7011,86-Ssini-t.3,1,"Unpublished: the master field unpublished = 1, meaning a printed transcript was not produced for ProQuest to index."
7012,86-Ssini-t.4,1,"Unpublished: the master field unpublished = 1, meaning a printed transcript was not produced for ProQuest to index."
7013,86-Ssini-t.6,1,"Unpublished: the master field unpublished = 1, meaning a printed transcript was not produced for ProQuest to index."
7014,86-Sss-t.11,1,"Unpublished: the master field unpublished = 1, meaning a printed transcript was not produced for ProQuest to index."
7015,86-Sss-t.5,1,"Unpublished: the master field unpublished = 1, meaning a printed transcript was not produced for ProQuest to index."
7016,86-Sss-t.9,1,"Unpublished: the master field unpublished = 1, meaning a printed transcript was not produced for ProQuest to index."
7113,87-H401-40,2,"Incomplete/not-found record: unpublished is not 1, but the master hearing title is blank."
7179,87-J1458-1,3,Joint Committee on Atomic Energy: the master metadata identifies a joint committee record with committee1 = 308.
7180,87-J1458-2,3,Joint Committee on Atomic Energy: the master metadata identifies a joint committee record with committee1 = 308.
7181,87-J1487-2,3,Joint Committee on Atomic Energy: the master metadata identifies a joint committee record with committee1 = 308.
7182,87-J1508-1,3,Joint Committee on Atomic Energy: the master metadata identifies a joint committee record with committee1 = 308.
7183,87-J1512-1,3,Joint Committee on Atomic Energy: the master metadata identifies a joint committee record with committee1 = 308.
7184,87-J1512-3,3,Joint Committee on Atomic Energy: the master metadata identifies a joint committee record with committee1 = 308.
7185,87-J1512-4,3,Joint Committee on Atomic Energy: the master metadata identifies a joint committee record with committee1 = 308.
7186,87-J1512-5,3,Joint Committee on Atomic Energy: the master metadata identifies a joint committee record with committee1 = 308.
7187,87-J1512-6,3,Joint Committee on Atomic Energy: the master metadata identifies a joint committee record with committee1 = 308.
7188,87-J1521-2,3,Joint Committee on Atomic Energy: the master metadata identifies a joint committee record with committee1 = 308.
7189,87-J1521-4,3,Joint Committee on Atomic Energy: the master metadata identifies a joint committee record with committee1 = 308.
7190,87-J1545-1,3,Joint Committee on Atomic Energy: the master metadata identifies a joint committee record with committee1 = 308.
7248,87-S311-14,2,"Incomplete/not-found record: unpublished is not 1, but the master hearing title is blank."
7297,87-S381-14,2,"Incomplete/not-found record: unpublished is not 1, but the master hearing title is blank."
7305,87-Ssag-t.1,1,"Unpublished: the master field unpublished = 1, meaning a printed transcript was not produced for ProQuest to index."
7306,87-Ssag-t.2,1,"Unpublished: the master field unpublished = 1, meaning a printed transcript was not produced for ProQuest to index."
7307,87-Ssars-t.30,1,"Unpublished: the master field unpublished = 1, meaning a printed transcript was not produced for ProQuest to index."
7308,87-Ssd-t.47,1,"Unpublished: the master field unpublished = 1, meaning a printed transcript was not produced for ProQuest to index."
7309,87-Ssini-t.1,1,"Unpublished: the master field unpublished = 1, meaning a printed transcript was not produced for ProQuest to index."
7310,87-Ssini-t.11,1,"Unpublished: the master field unpublished = 1, meaning a printed transcript was not produced for ProQuest to index."
7311,87-Ssini-t.13,1,"Unpublished: the master field unpublished = 1, meaning a printed transcript was not produced for ProQuest to index."
7312,87-Ssini-t.17,1,"Unpublished: the master field unpublished = 1, meaning a printed transcript was not produced for ProQuest to index."
7313,87-Ssini-t.19,1,"Unpublished: the master field unpublished = 1, meaning a printed transcript was not produced for ProQuest to index."
7314,87-Ssini-t.20,1,"Unpublished: the master field unpublished = 1, meaning a printed transcript was not produced for ProQuest to index."
7315,87-Ssini-t.21,1,"Unpublished: the master field unpublished = 1, meaning a printed transcript was not produced for ProQuest to index."
7316,87-Ssini-t.25,1,"Unpublished: the master field unpublished = 1, meaning a printed transcript was not produced for ProQuest to index."
7317,87-Ssini-t.26,1,"Unpublished: the master field unpublished = 1, meaning a printed transcript was not produced for ProQuest to index."
7318,87-Ssini-t.28,1,"Unpublished: the master field unpublished = 1, meaning a printed transcript was not produced for ProQuest to index."
7319,87-Ssini-t.29,1,"Unpublished: the master field unpublished = 1, meaning a printed transcript was not produced for ProQuest to index."
7320,87-Ssini-t.30,1,"Unpublished: the master field unpublished = 1, meaning a printed transcript was not produced for ProQuest to index."
7321,87-Ssini-t.32,1,"Unpublished: the master field unpublished = 1, meaning a printed transcript was not produced for ProQuest to index."
7322,87-Ssini-t.34,1,"Unpublished: the master field unpublished = 1, meaning a printed transcript was not produced for ProQuest to index."
7323,87-Ssini-t.36,1,"Unpublished: the master field unpublished = 1, meaning a printed transcript was not produced for ProQuest to index."
7324,87-Ssini-t.42,1,"Unpublished: the master field unpublished = 1, meaning a printed transcript was not produced for ProQuest to index."
7325,87-Ssini-t.45,1,"Unpublished: the master field unpublished = 1, meaning a printed transcript was not produced for ProQuest to index."
7326,87-Ssini-t.48,1,"Unpublished: the master field unpublished = 1, meaning a printed transcript was not produced for ProQuest to index."
7327,87-Ssini-t.49,1,"Unpublished: the master field unpublished = 1, meaning a printed transcript was not produced for ProQuest to index."
7328,87-Ssini-t.50,1,"Unpublished: the master field unpublished = 1, meaning a printed transcript was not produced for ProQuest to index."
7329,87-Ssini-t.52,1,"Unpublished: the master field unpublished = 1, meaning a printed transcript was not produced for ProQuest to index."
7330,87-Ssini-t.56,1,"Unpublished: the master field unpublished = 1, meaning a printed transcript was not produced for ProQuest to index."
7331,87-Ssini-t.57,1,"Unpublished: the master field unpublished = 1, meaning a printed transcript was not produced for ProQuest to index."
7332,87-Ssini-t.60,1,"Unpublished: the master field unpublished = 1, meaning a printed transcript was not produced for ProQuest to index."
7333,87-Ssini-t.62,1,"Unpublished: the master field unpublished = 1, meaning a printed transcript was not produced for ProQuest to index."
7334,87-Ssini-t.70,1,"Unpublished: the master field unpublished = 1, meaning a printed transcript was not produced for ProQuest to index."
7335,87-Ssini-t.72,1,"Unpublished: the master field unpublished = 1, meaning a printed transcript was not produced for ProQuest to index."
7336,87-Ssini-t.73,1,"Unpublished: the master field unpublished = 1, meaning a printed transcript was not produced for ProQuest to index."
7337,87-Ssini-t.77,1,"Unpublished: the master field unpublished = 1, meaning a printed transcript was not produced for ProQuest to index."
7338,87-Ssini-t.9,1,"Unpublished: the master field unpublished = 1, meaning a printed transcript was not produced for ProQuest to index."
7339,87-Sss-t.1,1,"Unpublished: the master field unpublished = 1, meaning a printed transcript was not produced for ProQuest to index."
7477,88-H441-22,2,"Incomplete/not-found record: unpublished is not 1, but the master hearing title is blank."
7492,88-H441-39,2,"Incomplete/not-found record: unpublished is not 1, but the master hearing title is blank."
7556,88-J1456-1,3,Joint Committee on Atomic Energy: the master metadata identifies a joint committee record with committee1 = 308.
7557,88-J1545-5,3,Joint Committee on Atomic Energy: the master metadata identifies a joint committee record with committee1 = 308.
7558,88-J1615-4,3,Joint Committee on Atomic Energy: the master metadata identifies a joint committee record with committee1 = 308.
7559,88-J1615-5,3,Joint Committee on Atomic Energy: the master metadata identifies a joint committee record with committee1 = 308.
7560,88-J1627-0a,3,Joint Committee on Atomic Energy: the master metadata identifies a joint committee record with committee1 = 308.
7561,88-J1627-0b,3,Joint Committee on Atomic Energy: the master metadata identifies a joint committee record with committee1 = 308.
7562,88-J1636-4,3,Joint Committee on Atomic Energy: the master metadata identifies a joint committee record with committee1 = 308.
7568,88-S1509-8,2,"Incomplete/not-found record: unpublished is not 1, but the master hearing title is blank."
7573,88-S1511-3c,2,"Incomplete/not-found record: unpublished is not 1, but the master hearing title is blank."
7685,88-S311-54,2,"Incomplete/not-found record: unpublished is not 1, but the master hearing title is blank."
7693,88-S311-63,2,"Incomplete/not-found record: unpublished is not 1, but the master hearing title is blank."
7721,88-S321-30,2,"Incomplete/not-found record: unpublished is not 1, but the master hearing title is blank."
7743,88-S381-1,2,"Incomplete/not-found record: unpublished is not 1, but the master hearing title is blank."
7757,88-S761-2,2,"Incomplete/not-found record: unpublished is not 1, but the master hearing title is blank."
7758,88-Ssb-t.36,1,"Unpublished: the master field unpublished = 1, meaning a printed transcript was not produced for ProQuest to index."
7759,88-Sscom-t.1,1,"Unpublished: the master field unpublished = 1, meaning a printed transcript was not produced for ProQuest to index."
7760,88-Sscom-t.7,1,"Unpublished: the master field unpublished = 1, meaning a printed transcript was not produced for ProQuest to index."
7761,88-Ssini-t.16,1,"Unpublished: the master field unpublished = 1, meaning a printed transcript was not produced for ProQuest to index."
7762,88-Ssini-t.19,1,"Unpublished: the master field unpublished = 1, meaning a printed transcript was not produced for ProQuest to index."
7763,88-Ssini-t.21,1,"Unpublished: the master field unpublished = 1, meaning a printed transcript was not produced for ProQuest to index."
7764,88-Ssini-t.25,1,"Unpublished: the master field unpublished = 1, meaning a printed transcript was not produced for ProQuest to index."
7765,88-Ssini-t.26,1,"Unpublished: the master field unpublished = 1, meaning a printed transcript was not produced for ProQuest to index."
7766,88-Ssini-t.28,1,"Unpublished: the master field unpublished = 1, meaning a printed transcript was not produced for ProQuest to index."
7767,88-Ssini-t.31,1,"Unpublished: the master field unpublished = 1, meaning a printed transcript was not produced for ProQuest to index."
7768,88-Ssini-t.32,1,"Unpublished: the master field unpublished = 1, meaning a printed transcript was not produced for ProQuest to index."
7769,88-Ssini-t.33,1,"Unpublished: the master field unpublished = 1, meaning a printed transcript was not produced for ProQuest to index."
7770,88-Ssini-t.34,1,"Unpublished: the master field unpublished = 1, meaning a printed transcript was not produced for ProQuest to index."
7771,88-Ssini-t.37,1,"Unpublished: the master field unpublished = 1, meaning a printed transcript was not produced for ProQuest to index."
7772,88-Ssini-t.38,1,"Unpublished: the master field unpublished = 1, meaning a printed transcript was not produced for ProQuest to index."
7773,88-Ssini-t.48,1,"Unpublished: the master field unpublished = 1, meaning a printed transcript was not produced for ProQuest to index."
7774,88-Ssini-t.49,1,"Unpublished: the master field unpublished = 1, meaning a printed transcript was not produced for ProQuest to index."
7775,88-Ssini-t.52,1,"Unpublished: the master field unpublished = 1, meaning a printed transcript was not produced for ProQuest to index."
7776,88-Ssini-t.55,1,"Unpublished: the master field unpublished = 1, meaning a printed transcript was not produced for ProQuest to index."
7777,88-Ssini-t.57,1,"Unpublished: the master field unpublished = 1, meaning a printed transcript was not produced for ProQuest to index."
7778,88-Ssini-t.59,1,"Unpublished: the master field unpublished = 1, meaning a printed transcript was not produced for ProQuest to index."
7779,88-Ssini-t.61,1,"Unpublished: the master field unpublished = 1, meaning a printed transcript was not produced for ProQuest to index."
7780,88-Ssini-t.63,1,"Unpublished: the master field unpublished = 1, meaning a printed transcript was not produced for ProQuest to index."
7781,88-Ssini-t.72,1,"Unpublished: the master field unpublished = 1, meaning a printed transcript was not produced for ProQuest to index."
7782,88-Ssini-t.73,1,"Unpublished: the master field unpublished = 1, meaning a printed transcript was not produced for ProQuest to index."
7783,88-Ssini-t.74,1,"Unpublished: the master field unpublished = 1, meaning a printed transcript was not produced for ProQuest to index."
7784,88-Ssini-t.76,1,"Unpublished: the master field unpublished = 1, meaning a printed transcript was not produced for ProQuest to index."
7785,88-Ssini-t.79,1,"Unpublished: the master field unpublished = 1, meaning a printed transcript was not produced for ProQuest to index."
7786,88-Ssini-t.8,1,"Unpublished: the master field unpublished = 1, meaning a printed transcript was not produced for ProQuest to index."
7787,88-Ssini-t.80,1,"Unpublished: the master field unpublished = 1, meaning a printed transcript was not produced for ProQuest to index."
7788,88-Ssini-t.81,1,"Unpublished: the master field unpublished = 1, meaning a printed transcript was not produced for ProQuest to index."
7820,89-H201-13,2,"Incomplete/not-found record: unpublished is not 1, but the master hearing title is blank."
7929,89-H361-27,2,"Incomplete/not-found record: unpublished is not 1, but the master hearing title is blank."
7976,89-H441-17,2,"Incomplete/not-found record: unpublished is not 1, but the master hearing title is blank."
7978,89-H441-23,2,"Incomplete/not-found record: unpublished is not 1, but the master hearing title is blank."
8071,89-J1679-2,3,Joint Committee on Atomic Energy: the master metadata identifies a joint committee record with committee1 = 308.
8072,89-J1714-1,3,Joint Committee on Atomic Energy: the master metadata identifies a joint committee record with committee1 = 308.
8073,89-J1714-2,3,Joint Committee on Atomic Energy: the master metadata identifies a joint committee record with committee1 = 308.
8074,89-J1722-1,3,Joint Committee on Atomic Energy: the master metadata identifies a joint committee record with committee1 = 308.
8075,89-J1722-5,3,Joint Committee on Atomic Energy: the master metadata identifies a joint committee record with committee1 = 308.
8076,89-J1762-8,3,Joint Committee on Atomic Energy: the master metadata identifies a joint committee record with committee1 = 308.
8077,89-J1766-4,3,Joint Committee on Atomic Energy: the master metadata identifies a joint committee record with committee1 = 308.
8078,89-S1424-5,2,"Incomplete/not-found record: unpublished is not 1, but the master hearing title is blank."
8155,89-S311-30,2,"Incomplete/not-found record: unpublished is not 1, but the master hearing title is blank."
8212,89-S401-26,2,"Incomplete/not-found record: unpublished is not 1, but the master hearing title is blank."
8230,89-Sscom-1,4,"Other: no permalink was found, but the record is not unpublished, is not missing a title, and is not Joint Committee on Atomic Energy."
8231,89-SSIni-1,4,"Other: no permalink was found, but the record is not unpublished, is not missing a title, and is not Joint Committee on Atomic Energy."
8232,89-SSIni-12,4,"Other: no permalink was found, but the record is not unpublished, is not missing a title, and is not Joint Committee on Atomic Energy."
8233,89-SSIni-14,4,"Other: no permalink was found, but the record is not unpublished, is not missing a title, and is not Joint Committee on Atomic Energy."
8234,89-SSIni-15,4,"Other: no permalink was found, but the record is not unpublished, is not missing a title, and is not Joint Committee on Atomic Energy."
8235,89-SSIni-16,4,"Other: no permalink was found, but the record is not unpublished, is not missing a title, and is not Joint Committee on Atomic Energy."
8236,89-SSIni-2,4,"Other: no permalink was found, but the record is not unpublished, is not missing a title, and is not Joint Committee on Atomic Energy."
8237,89-SSIni-5,4,"Other: no permalink was found, but the record is not unpublished, is not missing a title, and is not Joint Committee on Atomic Energy."
8238,89-SSIni-6,4,"Other: no permalink was found, but the record is not unpublished, is not missing a title, and is not Joint Committee on Atomic Energy."
8239,89-SSIni-7,4,"Other: no permalink was found, but the record is not unpublished, is not missing a title, and is not Joint Committee on Atomic Energy."
8240,89-SSIni-8,4,"Other: no permalink was found, but the record is not unpublished, is not missing a title, and is not Joint Committee on Atomic Energy."
8241,89-SSIni-9,4,"Other: no permalink was found, but the record is not unpublished, is not missing a title, and is not Joint Committee on Atomic Energy."
8242,89-Ssini-t.10,1,"Unpublished: the master field unpublished = 1, meaning a printed transcript was not produced for ProQuest to index."
8243,89-Ssini-t.11,1,"Unpublished: the master field unpublished = 1, meaning a printed transcript was not produced for ProQuest to index."
8244,89-Ssini-t.19,1,"Unpublished: the master field unpublished = 1, meaning a printed transcript was not produced for ProQuest to index."
8245,89-Ssini-t.21,1,"Unpublished: the master field unpublished = 1, meaning a printed transcript was not produced for ProQuest to index."
8246,89-Ssini-t.28,1,"Unpublished: the master field unpublished = 1, meaning a printed transcript was not produced for ProQuest to index."
8247,89-Ssini-t.29,1,"Unpublished: the master field unpublished = 1, meaning a printed transcript was not produced for ProQuest to index."
8248,89-Ssini-t.31,1,"Unpublished: the master field unpublished = 1, meaning a printed transcript was not produced for ProQuest to index."
8249,89-Ssini-t.39,1,"Unpublished: the master field unpublished = 1, meaning a printed transcript was not produced for ProQuest to index."
8250,89-Ssini-t.40,1,"Unpublished: the master field unpublished = 1, meaning a printed transcript was not produced for ProQuest to index."
8251,89-Ssini-t.45,1,"Unpublished: the master field unpublished = 1, meaning a printed transcript was not produced for ProQuest to index."
8252,89-Ssini-t.46,1,"Unpublished: the master field unpublished = 1, meaning a printed transcript was not produced for ProQuest to index."
8253,89-Ssini-t.47,1,"Unpublished: the master field unpublished = 1, meaning a printed transcript was not produced for ProQuest to index."
8254,89-Ssini-t.48,1,"Unpublished: the master field unpublished = 1, meaning a printed transcript was not produced for ProQuest to index."
8255,89-Ssini-t.51,1,"Unpublished: the master field unpublished = 1, meaning a printed transcript was not produced for ProQuest to index."
8256,89-Ssini-t.53,1,"Unpublished: the master field unpublished = 1, meaning a printed transcript was not produced for ProQuest to index."
8257,89-Ssini-t.54,1,"Unpublished: the master field unpublished = 1, meaning a printed transcript was not produced for ProQuest to index."
8258,89-Ssini-t.55,1,"Unpublished: the master field unpublished = 1, meaning a printed transcript was not produced for ProQuest to index."
8259,89-Ssini-t.56,1,"Unpublished: the master field unpublished = 1, meaning a printed transcript was not produced for ProQuest to index."
8260,89-Ssini-t.59,1,"Unpublished: the master field unpublished = 1, meaning a printed transcript was not produced for ProQuest to index."
8261,89-Ssini-t.60,1,"Unpublished: the master field unpublished = 1, meaning a printed transcript was not produced for ProQuest to index."
8262,89-Ssini-t.65,1,"Unpublished: the master field unpublished = 1, meaning a printed transcript was not produced for ProQuest to index."
8263,89-Ssini-t.7,1,"Unpublished: the master field unpublished = 1, meaning a printed transcript was not produced for ProQuest to index."
8264,89-Ssini-t.71,1,"Unpublished: the master field unpublished = 1, meaning a printed transcript was not produced for ProQuest to index."
8265,89-Ssini-t.72,1,"Unpublished: the master field unpublished = 1, meaning a printed transcript was not produced for ProQuest to index."
8266,89-Ssini-t.8,1,"Unpublished: the master field unpublished = 1, meaning a printed transcript was not produced for ProQuest to index."
8267,89-Ssini-t.9,1,"Unpublished: the master field unpublished = 1, meaning a printed transcript was not produced for ProQuest to index."
8274,90-H161-27,2,"Incomplete/not-found record: unpublished is not 1, but the master hearing title is blank."
8343,90-H241-78,2,"Incomplete/not-found record: unpublished is not 1, but the master hearing title is blank."
8372,90-H441-1,2,"Incomplete/not-found record: unpublished is not 1, but the master hearing title is blank."
8373,90-H441-11,2,"Incomplete/not-found record: unpublished is not 1, but the master hearing title is blank."
8400,90-H561-33,2,"Incomplete/not-found record: unpublished is not 1, but the master hearing title is blank."
8437,90-HHAp-1,4,"Other: no permalink was found, but the record is not unpublished, is not missing a title, and is not Joint Committee on Atomic Energy."
8438,90-J1822-1,3,Joint Committee on Atomic Energy: the master metadata identifies a joint committee record with committee1 = 308.
8439,90-J1868-4,3,Joint Committee on Atomic Energy: the master metadata identifies a joint committee record with committee1 = 308.
8440,90-J1882-1,3,Joint Committee on Atomic Energy: the master metadata identifies a joint committee record with committee1 = 308.
8441,90-J1914-2,3,Joint Committee on Atomic Energy: the master metadata identifies a joint committee record with committee1 = 308.
8442,90-J1914-3,3,Joint Committee on Atomic Energy: the master metadata identifies a joint committee record with committee1 = 308.
8443,90-J1930-2,3,Joint Committee on Atomic Energy: the master metadata identifies a joint committee record with committee1 = 308.
8444,90-J1983-3,3,Joint Committee on Atomic Energy: the master metadata identifies a joint committee record with committee1 = 308.
8467,90-S181-1,2,"Incomplete/not-found record: unpublished is not 1, but the master hearing title is blank."
8539,90-S311-18,2,"Incomplete/not-found record: unpublished is not 1, but the master hearing title is blank."
8616,90-SSAp-1,4,"Other: no permalink was found, but the record is not unpublished, is not missing a title, and is not Joint Committee on Atomic Energy."
8617,90-Ssfo-t.7,1,"Unpublished: the master field unpublished = 1, meaning a printed transcript was not produced for ProQuest to index."
8618,90-Ssini-t.12,1,"Unpublished: the master field unpublished = 1, meaning a printed transcript was not produced for ProQuest to index."
8619,90-Ssini-t.17,1,"Unpublished: the master field unpublished = 1, meaning a printed transcript was not produced for ProQuest to index."
8620,90-Ssini-t.2,1,"Unpublished: the master field unpublished = 1, meaning a printed transcript was not produced for ProQuest to index."
8621,90-Ssini-t.29,1,"Unpublished: the master field unpublished = 1, meaning a printed transcript was not produced for ProQuest to index."
8622,90-Ssini-t.3,1,"Unpublished: the master field unpublished = 1, meaning a printed transcript was not produced for ProQuest to index."
8623,90-Ssini-t.32,1,"Unpublished: the master field unpublished = 1, meaning a printed transcript was not produced for ProQuest to index."
8624,90-Ssini-t.34,1,"Unpublished: the master field unpublished = 1, meaning a printed transcript was not produced for ProQuest to index."
8625,90-Ssini-t.35,1,"Unpublished: the master field unpublished = 1, meaning a printed transcript was not produced for ProQuest to index."
8626,90-Ssini-t.37,1,"Unpublished: the master field unpublished = 1, meaning a printed transcript was not produced for ProQuest to index."
8627,90-Ssini-t.38,1,"Unpublished: the master field unpublished = 1, meaning a printed transcript was not produced for ProQuest to index."
8628,90-Ssini-t.39,1,"Unpublished: the master field unpublished = 1, meaning a printed transcript was not produced for ProQuest to index."
8629,90-Ssini-t.40,1,"Unpublished: the master field unpublished = 1, meaning a printed transcript was not produced for ProQuest to index."
8630,90-Ssini-t.47,1,"Unpublished: the master field unpublished = 1, meaning a printed transcript was not produced for ProQuest to index."
8631,90-Ssini-t.54,1,"Unpublished: the master field unpublished = 1, meaning a printed transcript was not produced for ProQuest to index."
8632,90-Ssini-t.61,1,"Unpublished: the master field unpublished = 1, meaning a printed transcript was not produced for ProQuest to index."
8633,90-Ssini-t.71,1,"Unpublished: the master field unpublished = 1, meaning a printed transcript was not produced for ProQuest to index."
8634,90-Ssini-t.8,1,"Unpublished: the master field unpublished = 1, meaning a printed transcript was not produced for ProQuest to index."
8742,91-H401-7,2,"Incomplete/not-found record: unpublished is not 1, but the master hearing title is blank."
8749,91-H441-11,2,"Incomplete/not-found record: unpublished is not 1, but the master hearing title is blank."
8750,91-H441-12,2,"Incomplete/not-found record: unpublished is not 1, but the master hearing title is blank."
8754,91-H441-2,2,"Incomplete/not-found record: unpublished is not 1, but the master hearing title is blank."
8756,91-H441-21,2,"Incomplete/not-found record: unpublished is not 1, but the master hearing title is blank."
8763,91-H441-4,2,"Incomplete/not-found record: unpublished is not 1, but the master hearing title is blank."
8766,91-H441-44,2,"Incomplete/not-found record: unpublished is not 1, but the master hearing title is blank."
8769,91-H441-5,2,"Incomplete/not-found record: unpublished is not 1, but the master hearing title is blank."
8779,91-H561-1,2,"Incomplete/not-found record: unpublished is not 1, but the master hearing title is blank."
8784,91-H561-17,2,"Incomplete/not-found record: unpublished is not 1, but the master hearing title is blank."
8813,91-H641-30,2,"Incomplete/not-found record: unpublished is not 1, but the master hearing title is blank."
8841,91-H721-25,2,"Incomplete/not-found record: unpublished is not 1, but the master hearing title is blank."
8844,91-HHMe-2,4,"Other: no permalink was found, but the record is not unpublished, is not missing a title, and is not Joint Committee on Atomic Energy."
8845,91-HHMe-4,4,"Other: no permalink was found, but the record is not unpublished, is not missing a title, and is not Joint Committee on Atomic Energy."
8846,91-J1973-5,4,"Other: no permalink was found, but the record is not unpublished, is not missing a title, and is not Joint Committee on Atomic Energy."
8847,91-J2002-3,3,Joint Committee on Atomic Energy: the master metadata identifies a joint committee record with committee1 = 308.
8848,91-J2019-2,3,Joint Committee on Atomic Energy: the master metadata identifies a joint committee record with committee1 = 308.
8849,91-J2020-1,3,Joint Committee on Atomic Energy: the master metadata identifies a joint committee record with committee1 = 308.
8850,91-J2020-2,3,Joint Committee on Atomic Energy: the master metadata identifies a joint committee record with committee1 = 308.
8986,91-S411-12,2,"Incomplete/not-found record: unpublished is not 1, but the master hearing title is blank."
8996,91-Ssini-t.10,1,"Unpublished: the master field unpublished = 1, meaning a printed transcript was not produced for ProQuest to index."
8997,91-Ssini-t.6,1,"Unpublished: the master field unpublished = 1, meaning a printed transcript was not produced for ProQuest to index."
8998,91-Ssini-t.9,1,"Unpublished: the master field unpublished = 1, meaning a printed transcript was not produced for ProQuest to index."
8999,91-Ssj-t.115,1,"Unpublished: the master field unpublished = 1, meaning a printed transcript was not produced for ProQuest to index."
9000,91-Ssj-t.83,1,"Unpublished: the master field unpublished = 1, meaning a printed transcript was not produced for ProQuest to index."
9001,91-Ssj-t.84,1,"Unpublished: the master field unpublished = 1, meaning a printed transcript was not produced for ProQuest to index."
9008,92-H161-37,2,"Incomplete/not-found record: unpublished is not 1, but the master hearing title is blank."
9098,92-H441-40,2,"Incomplete/not-found record: unpublished is not 1, but the master hearing title is blank."
9104,92-H441-55,2,"Incomplete/not-found record: unpublished is not 1, but the master hearing title is blank."
9106,92-H441-57,2,"Incomplete/not-found record: unpublished is not 1, but the master hearing title is blank."
9124,92-H441-87,2,"Incomplete/not-found record: unpublished is not 1, but the master hearing title is blank."
9145,92-H561-45,2,"Incomplete/not-found record: unpublished is not 1, but the master hearing title is blank."
9148,92-H561-49,2,"Incomplete/not-found record: unpublished is not 1, but the master hearing title is blank."
9157,92-H561-63,2,"Incomplete/not-found record: unpublished is not 1, but the master hearing title is blank."
9186,92-H701-56,2,"Incomplete/not-found record: unpublished is not 1, but the master hearing title is blank."
9211,92-H781-63,2,"Incomplete/not-found record: unpublished is not 1, but the master hearing title is blank."
9276,92-S321-30,4,"Other: no permalink was found, but the record is not unpublished, is not missing a title, and is not Joint Committee on Atomic Energy."
9277,92-S321-31,4,"Other: no permalink was found, but the record is not unpublished, is not missing a title, and is not Joint Committee on Atomic Energy."
9278,92-S321-32,4,"Other: no permalink was found, but the record is not unpublished, is not missing a title, and is not Joint Committee on Atomic Energy."
9279,92-S321-34,4,"Other: no permalink was found, but the record is not unpublished, is not missing a title, and is not Joint Committee on Atomic Energy."
9280,92-S321-35,4,"Other: no permalink was found, but the record is not unpublished, is not missing a title, and is not Joint Committee on Atomic Energy."
9281,92-S321-37,4,"Other: no permalink was found, but the record is not unpublished, is not missing a title, and is not Joint Committee on Atomic Energy."
9282,92-S321-5,4,"Other: no permalink was found, but the record is not unpublished, is not missing a title, and is not Joint Committee on Atomic Energy."
9283,92-S321-8,4,"Other: no permalink was found, but the record is not unpublished, is not missing a title, and is not Joint Committee on Atomic Energy."
9284,92-S361-20,4,"Other: no permalink was found, but the record is not unpublished, is not missing a title, and is not Joint Committee on Atomic Energy."
9285,92-S361-7,4,"Other: no permalink was found, but the record is not unpublished, is not missing a title, and is not Joint Committee on Atomic Energy."
9286,92-S381-3,4,"Other: no permalink was found, but the record is not unpublished, is not missing a title, and is not Joint Committee on Atomic Energy."
9287,92-S381-30,4,"Other: no permalink was found, but the record is not unpublished, is not missing a title, and is not Joint Committee on Atomic Energy."
9288,92-S381-38,4,"Other: no permalink was found, but the record is not unpublished, is not missing a title, and is not Joint Committee on Atomic Energy."
9289,92-S381-50,4,"Other: no permalink was found, but the record is not unpublished, is not missing a title, and is not Joint Committee on Atomic Energy."
9290,92-S401-23,4,"Other: no permalink was found, but the record is not unpublished, is not missing a title, and is not Joint Committee on Atomic Energy."
9291,92-S401-28,4,"Other: no permalink was found, but the record is not unpublished, is not missing a title, and is not Joint Committee on Atomic Energy."
9292,92-S401-29,4,"Other: no permalink was found, but the record is not unpublished, is not missing a title, and is not Joint Committee on Atomic Energy."
9293,92-S401-3,4,"Other: no permalink was found, but the record is not unpublished, is not missing a title, and is not Joint Committee on Atomic Energy."
9294,92-S401-42,4,"Other: no permalink was found, but the record is not unpublished, is not missing a title, and is not Joint Committee on Atomic Energy."
9295,92-S401-65,4,"Other: no permalink was found, but the record is not unpublished, is not missing a title, and is not Joint Committee on Atomic Energy."
9296,92-S411-14,4,"Other: no permalink was found, but the record is not unpublished, is not missing a title, and is not Joint Committee on Atomic Energy."
9297,92-S411-15,4,"Other: no permalink was found, but the record is not unpublished, is not missing a title, and is not Joint Committee on Atomic Energy."
9298,92-S411-17,4,"Other: no permalink was found, but the record is not unpublished, is not missing a title, and is not Joint Committee on Atomic Energy."
9299,92-S411-20,4,"Other: no permalink was found, but the record is not unpublished, is not missing a title, and is not Joint Committee on Atomic Energy."
9300,92-S411-22,4,"Other: no permalink was found, but the record is not unpublished, is not missing a title, and is not Joint Committee on Atomic Energy."
9301,92-S411-32,4,"Other: no permalink was found, but the record is not unpublished, is not missing a title, and is not Joint Committee on Atomic Energy."
9302,92-S411-34,4,"Other: no permalink was found, but the record is not unpublished, is not missing a title, and is not Joint Committee on Atomic Energy."
9303,92-S411-5,2,"Incomplete/not-found record: unpublished is not 1, but the master hearing title is blank."
9304,92-S521-50,4,"Other: no permalink was found, but the record is not unpublished, is not missing a title, and is not Joint Committee on Atomic Energy."
9305,92-S521-7,4,"Other: no permalink was found, but the record is not unpublished, is not missing a title, and is not Joint Committee on Atomic Energy."
9306,92-S541-15,4,"Other: no permalink was found, but the record is not unpublished, is not missing a title, and is not Joint Committee on Atomic Energy."
9307,92-S721-10,4,"Other: no permalink was found, but the record is not unpublished, is not missing a title, and is not Joint Committee on Atomic Energy."
9308,92-S721-17,4,"Other: no permalink was found, but the record is not unpublished, is not missing a title, and is not Joint Committee on Atomic Energy."
9309,92-Ssini-t.12,1,"Unpublished: the master field unpublished = 1, meaning a printed transcript was not produced for ProQuest to index."
9310,92-Ssini-t.15,1,"Unpublished: the master field unpublished = 1, meaning a printed transcript was not produced for ProQuest to index."
9311,92-Ssini-t.23,1,"Unpublished: the master field unpublished = 1, meaning a printed transcript was not produced for ProQuest to index."
9312,92-Ssini-t.25,1,"Unpublished: the master field unpublished = 1, meaning a printed transcript was not produced for ProQuest to index."
9313,92-Ssini-t.4,1,"Unpublished: the master field unpublished = 1, meaning a printed transcript was not produced for ProQuest to index."
9314,92-Ssini-t.6,1,"Unpublished: the master field unpublished = 1, meaning a printed transcript was not produced for ProQuest to index."
9315,92-Ssini-t.7,1,"Unpublished: the master field unpublished = 1, meaning a printed transcript was not produced for ProQuest to index."
9316,92-Sspw-t.1,1,"Unpublished: the master field unpublished = 1, meaning a printed transcript was not produced for ProQuest to index."
9317,93-H161-12,4,"Other: no permalink was found, but the record is not unpublished, is not missing a title, and is not Joint Committee on Atomic Energy."
9318,93-H161-13,4,"Other: no permalink was found, but the record is not unpublished, is not missing a title, and is not Joint Committee on Atomic Energy."
9319,93-H161-18,4,"Other: no permalink was found, but the record is not unpublished, is not missing a title, and is not Joint Committee on Atomic Energy."
9320,93-H161-19,4,"Other: no permalink was found, but the record is not unpublished, is not missing a title, and is not Joint Committee on Atomic Energy."
9321,93-H161-25,4,"Other: no permalink was found, but the record is not unpublished, is not missing a title, and is not Joint Committee on Atomic Energy."
9322,93-H161-26,4,"Other: no permalink was found, but the record is not unpublished, is not missing a title, and is not Joint Committee on Atomic Energy."
9323,93-H161-28,4,"Other: no permalink was found, but the record is not unpublished, is not missing a title, and is not Joint Committee on Atomic Energy."
9324,93-H161-33,4,"Other: no permalink was found, but the record is not unpublished, is not missing a title, and is not Joint Committee on Atomic Energy."
9325,93-H161-34,4,"Other: no permalink was found, but the record is not unpublished, is not missing a title, and is not Joint Committee on Atomic Energy."
9326,93-H161-5,2,"Incomplete/not-found record: unpublished is not 1, but the master hearing title is blank."
9327,93-H181-10,4,"Other: no permalink was found, but the record is not unpublished, is not missing a title, and is not Joint Committee on Atomic Energy."
9328,93-H181-11,4,"Other: no permalink was found, but the record is not unpublished, is not missing a title, and is not Joint Committee on Atomic Energy."
9329,93-H181-12,4,"Other: no permalink was found, but the record is not unpublished, is not missing a title, and is not Joint Committee on Atomic Energy."
9330,93-H181-13,4,"Other: no permalink was found, but the record is not unpublished, is not missing a title, and is not Joint Committee on Atomic Energy."
9331,93-H181-32,4,"Other: no permalink was found, but the record is not unpublished, is not missing a title, and is not Joint Committee on Atomic Energy."
9332,93-H181-33,4,"Other: no permalink was found, but the record is not unpublished, is not missing a title, and is not Joint Committee on Atomic Energy."
9333,93-H181-37,4,"Other: no permalink was found, but the record is not unpublished, is not missing a title, and is not Joint Committee on Atomic Energy."
9334,93-H181-52,4,"Other: no permalink was found, but the record is not unpublished, is not missing a title, and is not Joint Committee on Atomic Energy."
9335,93-H181-53,4,"Other: no permalink was found, but the record is not unpublished, is not missing a title, and is not Joint Committee on Atomic Energy."
9336,93-H181-8,4,"Other: no permalink was found, but the record is not unpublished, is not missing a title, and is not Joint Committee on Atomic Energy."
9337,93-H181-9,4,"Other: no permalink was found, but the record is not unpublished, is not missing a title, and is not Joint Committee on Atomic Energy."
9338,93-H201-14,4,"Other: no permalink was found, but the record is not unpublished, is not missing a title, and is not Joint Committee on Atomic Energy."
9339,93-H341-46,4,"Other: no permalink was found, but the record is not unpublished, is not missing a title, and is not Joint Committee on Atomic Energy."
9340,93-H361-12,4,"Other: no permalink was found, but the record is not unpublished, is not missing a title, and is not Joint Committee on Atomic Energy."
9341,93-H361-25,4,"Other: no permalink was found, but the record is not unpublished, is not missing a title, and is not Joint Committee on Atomic Energy."
9342,93-H361-26,4,"Other: no permalink was found, but the record is not unpublished, is not missing a title, and is not Joint Committee on Atomic Energy."
9343,93-H361-28,4,"Other: no permalink was found, but the record is not unpublished, is not missing a title, and is not Joint Committee on Atomic Energy."
9344,93-H361-36,4,"Other: no permalink was found, but the record is not unpublished, is not missing a title, and is not Joint Committee on Atomic Energy."
9345,93-H361-38,4,"Other: no permalink was found, but the record is not unpublished, is not missing a title, and is not Joint Committee on Atomic Energy."
9346,93-H361-41,4,"Other: no permalink was found, but the record is not unpublished, is not missing a title, and is not Joint Committee on Atomic Energy."
9347,93-H361-48,4,"Other: no permalink was found, but the record is not unpublished, is not missing a title, and is not Joint Committee on Atomic Energy."
9348,93-H361-51,4,"Other: no permalink was found, but the record is not unpublished, is not missing a title, and is not Joint Committee on Atomic Energy."
9349,93-H361-52,4,"Other: no permalink was found, but the record is not unpublished, is not missing a title, and is not Joint Committee on Atomic Energy."
9350,93-H361-55,4,"Other: no permalink was found, but the record is not unpublished, is not missing a title, and is not Joint Committee on Atomic Energy."
9351,93-H381-100,4,"Other: no permalink was found, but the record is not unpublished, is not missing a title, and is not Joint Committee on Atomic Energy."
9352,93-H381-91,4,"Other: no permalink was found, but the record is not unpublished, is not missing a title, and is not Joint Committee on Atomic Energy."
9353,93-H401-10,4,"Other: no permalink was found, but the record is not unpublished, is not missing a title, and is not Joint Committee on Atomic Energy."
9354,93-H401-18,4,"Other: no permalink was found, but the record is not unpublished, is not missing a title, and is not Joint Committee on Atomic Energy."
9355,93-H401-24,4,"Other: no permalink was found, but the record is not unpublished, is not missing a title, and is not Joint Committee on Atomic Energy."
9356,93-H401-33,4,"Other: no permalink was found, but the record is not unpublished, is not missing a title, and is not Joint Committee on Atomic Energy."
9377,93-H441-31,2,"Incomplete/not-found record: unpublished is not 1, but the master hearing title is blank."
9378,93-H441-32,2,"Incomplete/not-found record: unpublished is not 1, but the master hearing title is blank."
9379,93-H441-33,2,"Incomplete/not-found record: unpublished is not 1, but the master hearing title is blank."
9380,93-H441-34,2,"Incomplete/not-found record: unpublished is not 1, but the master hearing title is blank."
9408,93-H561-1,2,"Incomplete/not-found record: unpublished is not 1, but the master hearing title is blank."
9410,93-H561-16,2,"Incomplete/not-found record: unpublished is not 1, but the master hearing title is blank."
9434,93-H561-65,2,"Incomplete/not-found record: unpublished is not 1, but the master hearing title is blank."
9445,93-H581-24,2,"Incomplete/not-found record: unpublished is not 1, but the master hearing title is blank."
9542,93-S381-18,2,"Incomplete/not-found record: unpublished is not 1, but the master hearing title is blank."
9615,94-H561-32,2,"Incomplete/not-found record: unpublished is not 1, but the master hearing title is blank."
9617,94-H561-36,2,"Incomplete/not-found record: unpublished is not 1, but the master hearing title is blank."
9632,94-H581-23,2,"Incomplete/not-found record: unpublished is not 1, but the master hearing title is blank."
9635,94-H581-3,2,"Incomplete/not-found record: unpublished is not 1, but the master hearing title is blank."
9719,94-S541-4,2,"Incomplete/not-found record: unpublished is not 1, but the master hearing title is blank."
9723,95-H161-17,2,"Incomplete/not-found record: unpublished is not 1, but the master hearing title is blank."
9724,95-H161-18,2,"Incomplete/not-found record: unpublished is not 1, but the master hearing title is blank."
9769,95-H361-3,2,"Incomplete/not-found record: unpublished is not 1, but the master hearing title is blank."
9774,95-H401-10,2,"Incomplete/not-found record: unpublished is not 1, but the master hearing title is blank."
9783,95-H401-62,2,"Incomplete/not-found record: unpublished is not 1, but the master hearing title is blank."
9785,95-H561-11,2,"Incomplete/not-found record: unpublished is not 1, but the master hearing title is blank."
9788,95-H561-15,2,"Incomplete/not-found record: unpublished is not 1, but the master hearing title is blank."
9818,95-H651-1,2,"Incomplete/not-found record: unpublished is not 1, but the master hearing title is blank."
9819,95-H651-18,2,"Incomplete/not-found record: unpublished is not 1, but the master hearing title is blank."
9829,95-H651-3,2,"Incomplete/not-found record: unpublished is not 1, but the master hearing title is blank."
9856,95-S161-4,2,"Incomplete/not-found record: unpublished is not 1, but the master hearing title is blank."
9857,95-S161-4,2,"Incomplete/not-found record: unpublished is not 1, but the master hearing title is blank."
9860,95-S181-36,2,"Incomplete/not-found record: unpublished is not 1, but the master hearing title is blank."
9863,95-S261-38,2,"Incomplete/not-found record: unpublished is not 1, but the master hearing title is blank."
9932,95-S321-16,2,"Incomplete/not-found record: unpublished is not 1, but the master hearing title is blank."
9994,96-H651-17,2,"Incomplete/not-found record: unpublished is not 1, but the master hearing title is blank."
10071,97-H161-7,2,"Incomplete/not-found record: unpublished is not 1, but the master hearing title is blank."
10093,97-H651-1,2,"Incomplete/not-found record: unpublished is not 1, but the master hearing title is blank."
10097,97-H651-18,2,"Incomplete/not-found record: unpublished is not 1, but the master hearing title is blank."
10110,97-H651-45,2,"Incomplete/not-found record: unpublished is not 1, but the master hearing title is blank."
10149,97-S381-16,2,"Incomplete/not-found record: unpublished is not 1, but the master hearing title is blank."
10150,97-S381-23,2,"Incomplete/not-found record: unpublished is not 1, but the master hearing title is blank."
10165,98-H181-85,2,"Incomplete/not-found record: unpublished is not 1, but the master hearing title is blank."
10188,98-H651-13,2,"Incomplete/not-found record: unpublished is not 1, but the master hearing title is blank."
10310,99-H401-84,2,"Incomplete/not-found record: unpublished is not 1, but the master hearing title is blank."
10356,99-H701-56,2,"Incomplete/not-found record: unpublished is not 1, but the master hearing title is blank."
10374,99-S181-38,2,"Incomplete/not-found record: unpublished is not 1, but the master hearing title is blank."
10375,99-S181-68,2,"Incomplete/not-found record: unpublished is not 1, but the master hearing title is blank."
10388,99-S311-22,2,"Incomplete/not-found record: unpublished is not 1, but the master hearing title is blank."
10389,99-S311-23,2,"Incomplete/not-found record: unpublished is not 1, but the master hearing title is blank."